town,zipcode,ecc,education_percentile,violentcrime_boston_state,percentbelowpovertylevelestimate,medrent0,medrent1,medrent2,medrent3,medrent4,proposedsafmrfmr,Subsidy_0br,Subsidy_1br,Subsidy_2br,Subsidy_3br,Subsidy_4br,tstop,_mbta,_commrai,per_white,percentraceoneraceblackorafrican,percentraceoneraceasian,percent_hispanic,numberestimatehouseholds,medianincomedollarsestimatehouse,perc_college,currentvouchers,violent_flip,povrate_flip,zeducation_percentile,zviolentcrimeflip,zpoverty_rateflip,opportunity,opportunity_minus_ed,yhatm,avg_discount,perc_avg_discount,opp_bargain,opp_category,x,y
BOSTON,02108,1,54,0.018952,9.1,1892.265258,2616.983776,3362.312634,695.239521,5057.534247,FMR,1394,1561,1902,2383,2571,1,1,1,81.2,5.3,4.8,4.2,1888,126224,83.60001,0,-0.018952,-336,-0.0125618,-1.28103,0.1413619,-1.15223,-1.139668,1568.183,-1031.817,-0.6579697,0,0,-71.06505119797492,42.35766795326528
BOSTON,02109,1,34.22222,0.0163597,12.4,1700.697143,2600.023006,3496.608498,3804.152542,4950,FMR,1394,1561,1902,2383,2571,1,1,1,82.5,3.9,8.5,3.3,1943,129716,74.6,31,-0.0163597,-485,-0.8980826,-0.9675269,-0.193297,-2.058907,-1.160824,1510.493,-1339.507,-0.886801,0,4,-71.05296306332824,42.364761451851784
ARLINGTON,02476,1,86.4,0.0030165,6.1,1406.75,1751.153846,2148.640625,2644.784173,3295.875,SAFMR,1400,1570,1910,2390,2580,1,0,0,81,2.7,9.3,3.8,7232,101713,69.10001,3,-0.0030165,-998,1.4381,0.6461513,0.4455974,2.529849,1.091749,1802.466,-107.5337,-0.0596592,0,0,-71.17519087922143,42.416232308496326
ARLINGTON,02474,1,86.4,0.0030165,4.5,1542.727273,1702.061856,2200.443459,2708.739837,3134.246575,SAFMR,1540,1720,2100,2630,2840,1,0.333333,0.333333,76.8,1.4,12.9,4.6,11400,104583,70.5,9,-0.0030165,-1254,1.4381,0.6461513,0.6078563,2.692108,1.254008,1812.791,-287.2095,-0.158435,0,2,-71.15650243180042,42.42022873856707
WATERTOWN,02472,,47.2,0.0030332,8.3,1931.626984,2055.717158,2145.149513,2630.279503,3069.731405,FMR,1394,1561,1902,2383,2571,1,0,0.166667,77.7,2,8.5,9.4,15233,92959,63.4,,-0.0030332,-2800,-0.3170217,0.6441317,0.2224914,0.5496013,0.866623,1676.467,-533.5328,-0.3182483,0,0,-71.17730612225289,42.37002677172914
SEEKONK,02771,,65.4,0.0053334,5.9,,,,968,,FMR,786,889,1060,1328,1565,0,0,0,95.3,0.1,0.6,2.1,5886,86014,34,,-0.0053334,-864,0.4978564,0.3659538,0.4658798,1.32969,0.8318336,1726.103,226.1025,0.1309902,1,0,-71.31735078449911,41.83785637535016
ROCHESTER,02770,1,80,0.0045101,4.5,,,,889,,SAFMR,1270,1410,1830,2300,2670,0,,,94.8,0.8,2,1.5,1798,102227,44.4,0,-0.0045101,-235,1.15155,0.4655207,0.6078563,2.224927,1.073377,1783.065,-46.9353,-0.0263228,0,0,-70.84083948481158,41.75849205402422
BELMONT,02478,1,92.3,0.0013115,5,2153.166667,1728.050847,2120.169173,2790.310078,3119.967532,SAFMR,1700,1900,2320,2910,3140,1,0,0.625,75.5,1.6,15.5,4.8,9708,118342,72.7,5,-0.0013115,-1259,1.702264,0.8523478,0.5571504,3.111763,1.409498,1839.492,-480.5078,-0.2612177,0,2,-71.17951061558236,42.396034709556645
FITCHBURG,01420,,27.7,0.0235192,19.1,2250,888.75,1016.75,1115.166667,1220,FMR,826,832,1096,1380,1491,0,0,0.5,64.3,4,4,26.5,14828,51412,20.8,,-0.0235192,-7368,-1.190105,-1.833371,-0.8727563,-3.896232,-2.706127,1393.588,343.5878,0.2465491,0,3,-71.81662095070651,42.585780959063555
LOWELL,01851,,33.5,0.0106653,19.5,1224.21875,1286.417582,1395.78629,1541.25,1494.666667,FMR,1026,1179,1514,1897,2047,0,0,0.333333,38.5,7.3,37.9,14,10203,52008,24.2,,-0.0106653,-5791,-0.930419,-0.2788668,-0.913321,-2.122607,-1.192188,1506.44,106.4399,0.0706566,0,0,-71.33563195685755,42.62812287156226
LOWELL,01850,,33.5,0.0106653,24.7,1013.714286,1084,1303.623188,1595.192308,1787.5,FMR,1026,1179,1514,1897,2047,0,0,0,54.5,10.9,5.7,27.6,5421,46102,14.9,,-0.0106653,-3952,-0.930419,-0.2788668,-1.440663,-2.649948,-1.719529,1472.886,-57.11365,-0.0387767,0,0,-71.30291902637295,42.655688235156205
WESTBOROUGH,01581,,89.9,0.0021087,4.7,1593.375,1642.865169,2013.168,2399.591837,3400,FMR,864,946,1202,1506,1632,0,0,0.4,67.4,2.4,23.6,4.8,6682,107604,65.8,,-0.0021087,-857,1.594808,0.7559373,0.5875739,2.938319,1.343511,1828.456,278.4564,0.1522904,1,0,-71.61402328772687,42.26815590166188
LOWELL,01852,,33.5,0.0106653,19.4,1535.92,1585.296167,1594.359281,1599.065934,1661.357143,FMR,1026,1179,1514,1897,2047,0,0,0.454545,56.5,6.7,12.4,21.1,13830,50911,26.8,,-0.0106653,-6515,-0.930419,-0.2788668,-0.9031798,-2.112466,-1.182047,1507.085,27.08521,0.0179719,0,0,-71.29536897859033,42.632326267351274
LOWELL,01854,,33.5,0.0106653,24.5,1164.705882,1209.088235,1596.075949,1656.819672,2360.926829,FMR,1026,1179,1514,1897,2047,0,0,0.166667,48,5.9,22.7,21.6,9542,40982,19.4,,-0.0106653,-6319,-0.930419,-0.2788668,-1.42038,-2.629666,-1.699247,1474.177,84.17688,0.0571009,0,0,-71.3480507147394,42.64906913474965
FOXBOROUGH,02035,1,69.3,,5.6,1533.333333,1857.012195,2043.3,2171.590909,3249.8,FMR,1394,1561,1902,2383,2571,0,0,0.2,87.7,5.5,1.8,2.9,6626,98199,48.8,0,,-963,0.6724733,,0.4963033,,,,,,1,1,-71.24613240196439,42.06266046097972
EAST WALPOLE,02032,1,75.4,,6.8,1950,2400,1733,2166.666667,3090,FMR,,,,,,1,0,1,83.2,4.2,8.5,1.6,1644,120250,57.3,0,,-277,0.9455916,,0.3746091,,,,,,1,1,-71.2154761937102,42.154909230966155
DOVER,02030,1,96.6,0.0004981,0.6,,1350,3733.333333,3013.571429,5333.333333,SAFMR,2090,2340,2850,3570,3850,0,0,0.333333,82.9,3,8,4.7,2011,204018,82.7,0,-0.0004981,-36,1.89479,0.9507174,1.003362,3.84887,1.95408,1886.393,-963.6071,-0.5108199,0,2,-71.284175150881,42.23661403435078
FRANKLIN,02038,1,71.5,0.0004204,4.2,1500,1376.064935,1487.021277,2012.689873,2550,FMR,1394,1561,1902,2383,2571,0,0,0.666667,89,0.9,5.6,2.2,11288,111935,56,12,-0.0004204,-1322,0.7709748,0.9601142,0.6382799,2.369369,1.598394,1792.255,202.2552,0.1128496,1,0,-71.41126515177677,42.086212849967
SPRINGFIELD,01118,,19.7,0.0297797,14.3,,1800,,,,FMR,702,831,1061,1329,1521,0,0,0,59.7,13.6,3.8,22.5,5701,61112,31.4,,-0.0297797,-2027,-1.548294,-2.590493,-0.3859796,-4.524766,-2.976473,1353.595,263.5955,0.1947373,0,3,-72.52532694149542,42.094764436344
WILLIAMSBURG,01096,,66.3,0.0014177,8.7,,,,934,,FMR,702,831,1061,1329,1521,0,,,98.2,0,0.4,0.9,1034,77083,40.4,,-0.0014177,-224,0.5381526,0.8395044,0.1819267,1.559584,1.021431,1740.73,650.7302,0.373826,1,1,-72.76816970229761,42.4041823367354
BOSTON,02210,1,30.11111,0.0048761,3,2543.369979,3028.22859,4341.840741,6211.125714,,FMR,1394,1561,1902,2383,2571,1,1,0,84.2,4.6,9,2.2,1543,170152,85.6,16,-0.0048761,-69,-1.082152,0.421258,0.7599741,0.0990804,1.181232,1647.801,-1202.199,-0.7295774,0,0,-71.03906245747349,42.34777593033103
BOSTON,02215,,27.44444,0.0030047,38,1783.798724,2257.066997,3058.947292,3979.809813,4999.431818,FMR,1394,1561,1902,2383,2571,1,1,0.555556,59.7,3.7,22.1,11.5,7463,43403,80,,-0.0030047,-4703,-1.201548,0.6475784,-2.78944,-3.343409,-2.141861,1428.763,-1401.237,-0.9807346,0,0,-71.10290151296181,42.347770390040054
MASHPEE,02649,,44.7,0.0086941,6.8,,,,1144,,FMR,979,1152,1524,1931,2101,0,0,0,85.9,2.5,1,2,6279,73841,37.7,,-0.0086941,-942,-0.4289555,-0.0404771,0.3746091,-0.0948235,0.334132,1635.464,-74.53625,-0.045575,0,0,-70.49052869628684,41.617636975949814
PEMBROKE,02359,,57.8,0.002729,4,2164,1883.931818,2188.125,1106,3275,FMR,1394,1561,1902,2383,2571,0,0,0,93.5,0.5,1.5,1.8,6464,101447,38.4,,-0.002729,-733,0.1575775,0.6809205,0.6585622,1.49706,1.339483,1736.752,-353.2479,-0.2033957,0,2,-70.80142320492173,42.065471707580016
HARVARD,01451,1,97,0.0019819,4.4,,,1400,1338.5,,SAFMR,1280,1290,1710,2180,2700,0,0,0,90.6,1.9,3.5,1.6,1645,143625,78.3,0,-0.0019819,-201,1.9127,0.7712721,0.6179975,3.301969,1.38927,1851.595,141.5947,0.0764718,1,0,-71.57377877513731,42.501238873763995
GRAFTON,01519,,69.9,0.0041339,4.2,775,,1508.25,1750,2750,FMR,864,946,1202,1506,1632,0,0,0,82.2,7.7,5.1,2.6,2468,106250,52.5,,-0.0041339,-273,0.6993372,0.511017,0.6382799,1.848634,1.149297,1759.122,589.1219,0.3348955,1,1,-71.68020039559529,42.20109304629534
LEOMINSTER,01453,,33.7,0.0211064,13.7,675,938.7857143,1035,1165.6,1500,FMR,826,832,1096,1380,1491,0,0,0.25,71.6,5.3,3,17.8,16563,57610,28.2,,-0.0211064,-5604,-0.9214643,-1.541575,-0.3251324,-2.788172,-1.866708,1464.091,314.0914,0.2145299,0,3,-71.76137841963704,42.518638927942824
DOUGLAS,01516,,45,0.0038803,3.1,,800,,1777.333333,,FMR,864,946,1202,1506,1632,0,0,0,87.5,0.5,1.7,7.5,3151,94531,34.6,,-0.0038803,-268,-0.4155235,0.5416864,0.7498329,0.8759958,1.291519,1697.235,367.235,0.2163725,0,0,-71.75091915653907,42.05284006788067
HANSON,02350,,45.8,,,,,,,,FMR,1027,1136,1475,1853,2155,0,,,,,,,,,,,,,-0.3797047,,,,,,,,1,0,,
CLINTON,01510,,36.7,0.0012317,9.8,1198,881.375,1302.631579,1678.736842,1300,FMR,864,946,1202,1506,1632,0,0,0,78.5,2.4,1.4,16.6,5586,68362,36.2,,-0.0012317,-1354,-0.7871437,0.8619985,0.0703736,0.1452284,0.9323722,1650.738,410.7377,0.2488207,0,0,-71.68882442572884,42.41190270926804
BEDFORD,01730,1,72.9,0.0015905,2.8,2198,1994.645833,2505.420732,2445.230769,3347,FMR,1394,1561,1902,2383,2571,1,0,0,76.7,3.3,14.6,4,5240,125208,70.2,0,-0.0015905,-385,0.8336579,0.8186066,0.7802565,2.432521,1.598863,1796.273,-573.7266,-0.3193982,0,2,-71.27834892216065,42.49696536395722
WEST BRIDGEWATER,02379,,56.3,0.0067313,4.7,1550,1071.428571,1699.75,,,FMR,1027,1136,1475,1853,2155,0,0,0,91.9,3.6,0.1,4.3,2469,85368,34.2,,-0.0067313,-321,0.0904173,0.1968969,0.5875739,0.8748881,0.7844708,1697.164,187.1644,0.1102807,0,0,-71.0266864490611,42.02138957156129
SWANSEA,02777,,53.8,0.0049996,5.5,,,,,,FMR,786,889,1060,1328,1565,0,0,0,97.8,0.3,0.5,0.5,6223,81469,23.8,,-0.0049996,-873,-0.0215165,0.4063224,0.5064445,0.8912504,0.9127669,1698.206,628.2056,0.3699231,0,0,-71.21203269401651,41.75705289092772
EASTHAMPTON,01027,,40.1,0.0076686,10,,900,,1160,,FMR,702,831,1061,1329,1521,0,0,0,89,2.3,1.8,5.3,7871,63699,35.5,,-0.0076686,-1774,-0.6349138,0.0835432,0.0500913,-0.5012793,0.1336345,1609.602,569.6018,0.3538775,0,0,-72.74308544211392,42.29507973251496
CHICOPEE,01020,,29.9,0.0146235,10.4,,,,1036.333333,,FMR,702,831,1061,1329,1521,0,0,0,77.3,4,1.5,15.7,12491,58780,16.1,,-0.0146235,-3166,-1.091604,-0.7575572,0.0095266,-1.839634,-0.7480305,1524.445,514.4449,0.3374638,0,0,-72.56535479035969,42.17639453603589
CHICOPEE,01022,,29.9,0.0146235,25.5,,,,1059,,FMR,702,831,1061,1329,1521,0,0,0,67.7,15.5,2.4,9.5,1223,43349,27.6,,-0.0146235,-644,-1.091604,-0.7575572,-1.521792,-3.370953,-2.279349,1427.01,-162.9897,-0.1142176,0,0,-72.54267463021208,42.19729156277761
EAST LONGMEADOW,01028,,55.8,0.0038128,4.3,,,,,,FMR,702,831,1061,1329,1521,0,0,0,86.9,4.9,4.5,2.3,5978,85221,42.7,,-0.0038128,-677,0.0680305,0.5498497,0.6281387,1.246019,1.177988,1720.779,590.7788,0.3433206,1,1,-72.49907739536475,42.059677673525535
SALEM,01970,,29.7,0.0086291,15.2,1574.596774,1601.657201,2017.113569,2038.157895,2292.4,FMR,1394,1561,1902,2383,2571,1,0,0.444444,71.8,5.8,2.5,17.6,18277,65476,41.2,,-0.0086291,-6227,-1.100558,-0.0326162,-0.4772502,-1.610425,-0.5098664,1539.029,-80.97095,-0.0526117,0,0,-70.90376158710478,42.51260297318649
BERKLEY,02779,,51.2,0.0040352,4.6,,,,,,FMR,793,956,1219,1529,1686,0,0,0,98.6,0,0,0.3,2388,89597,31.1,,-0.0040352,-301,-0.1379276,0.5229534,0.5977151,0.9827409,1.120669,1704.027,474.027,0.2781805,0,0,-71.07543338936175,41.83490615528399
HUDSON,01749,,50,0.0010029,6.5,975,1237.652174,1602.875,1977.545455,2033.333333,FMR,1394,1561,1902,2383,2571,0,0,0,87.5,1.3,2.7,6.7,7708,83765,39.8,,-0.0010029,-1270,-0.1916559,0.8896688,0.4050327,1.103046,1.294701,1711.682,91.68164,0.0535623,1,0,-71.54647187904742,42.38867726739794
HOPKINTON,01748,1,90,0.0001179,2.6,1000,1747.6,1864.651685,2527.03125,2939.6,SAFMR,1470,1640,2000,2510,2700,0,0,0.5,87.2,2,6.3,2.7,5614,151357,68.2,0,-0.0001179,-418,1.599285,0.9966974,0.8005388,3.396521,1.797236,1857.611,-142.3892,-0.0766518,0,0,-71.53778775677684,42.22550422354965
FAYVILLE,01745,1,83,0.0019883,0,,,,,,FMR,,,,,,,,,,,,,,,,0,-0.0019883,,1.28587,0.7704981,1.064209,3.120578,1.834707,1840.053,,,1,1,-71.50107812209045,42.291834417580965
HOPEDALE,01747,,80.6,0.002687,2,1100,,1283.333333,2016.666667,,FMR,935,940,1244,1589,1944,0,0,0,94.1,0.4,0.5,4,2232,101761,40.2,,-0.002687,-119,1.178414,0.6859998,0.8613859,2.7258,1.547386,1814.934,484.9342,0.2671911,1,1,-71.53510302731618,42.124816502236825
HOLLISTON,01746,1,76.7,0.0016361,2,775,1093.066667,1341.304348,1604,2487.5,FMR,1394,1561,1902,2383,2571,0,0,0,89,1.3,4.2,3.7,5171,118933,62.2,0,-0.0016361,-291,1.003797,0.8130919,0.8613859,2.678275,1.674478,1811.91,241.9103,0.1335112,1,0,-71.44496869088685,42.19776656353902
CARLISLE,01741,1,99,0.0001919,2.2,,1479,,1185,975,SAFMR,1700,1920,2350,2950,3200,0,,,84,0.7,11.3,2.3,1773,170703,84.7,0,-0.0001919,-113,2.002247,0.9877481,0.8411035,3.831098,1.828852,1885.262,-464.7379,-0.246511,0,2,-71.35128282496476,42.53001207605153
BOLTON,01740,1,81.4,0.003064,1.5,,1441.333333,2600,2600,3066.666667,SAFMR,1130,1130,1500,1920,2340,0,0,0,90.2,0.4,4.5,3.7,1686,151618,67.4,0,-0.003064,-79,1.214233,0.6404068,0.9120918,2.766731,1.552499,1817.539,317.5386,0.174708,1,1,-71.60727812581734,42.43616260524365
CONCORD,01742,1,91.1,0.0020344,5.3,1817.235294,1801.73913,2210.55,2497.794118,3288.888889,SAFMR,1730,1940,2360,2960,3190,1,0,1,81.6,3.4,6.3,6.4,6741,137547,71.4,0,-0.0020344,-919,1.648536,0.7649229,0.5267268,2.940186,1.29165,1828.575,-531.4248,-0.2906224,0,2,-71.36424856285127,42.46225004915291
WINCHESTER,01890,1,95,0.0008346,2.4,1404.807692,1740.990991,2094.274194,2612.142857,3580.090909,SAFMR,1610,1800,2190,2740,2960,1,0,1,82.2,0.7,12.5,1.6,7928,152196,75.5,2,-0.0008346,-529,1.823153,0.9100223,0.8208212,3.553996,1.730844,1867.631,-322.3694,-0.1726087,0,2,-71.14629769962029,42.451799317061024
HATFIELD,01038,,62.2,0.0015172,5.5,,,,1067,,FMR,702,831,1061,1329,1521,0,0,0,97,1.1,0.8,0.4,1337,67096,37.4,,-0.0015172,-157,0.3545811,0.8274712,0.5064445,1.688497,1.333916,1748.933,538.9327,0.3081495,1,1,-72.607015993071,42.38546996789882
QUINCY,02171,,57.5,0.0124566,9.6,1537.186992,1744.887892,2130.760101,2227.333333,3508.72093,FMR,1394,1561,1902,2383,2571,1,0.8,0,54.8,3.7,37.8,2.2,7631,78839,47.8,,-0.0124566,-1700,0.1441455,-0.4955001,0.090656,-0.2606986,-0.4048441,1624.909,-235.0906,-0.1446792,0,0,-71.02459466688366,42.28820493645889
QUINCY,02170,,57.5,0.0124566,6.8,1211.714286,1446.802326,1795.023697,2283.125,2382.333333,FMR,1394,1561,1902,2383,2571,1,1,0,57.9,2.5,35.6,1,7766,82159,42.3,,-0.0124566,-1288,0.1441455,-0.4955001,0.3746091,0.0232546,-0.1208909,1642.977,-37.02319,-0.0225342,0,0,-71.01612061098963,42.26648156329265
MELROSE,02176,1,74.7,0.0024521,3.8,2063.848739,1909.393855,2154.39821,2860.506329,2739.473684,FMR,1394,1561,1902,2383,2571,1,0.4,0.8,85.3,3.5,6.1,3.3,11481,93434,54.9,16,-0.0024521,-1034,0.91425,0.7144078,0.6788446,2.307502,1.393252,1788.319,168.3188,0.0941213,1,0,-71.0590076103183,42.45561250760734
STOUGHTON,02072,,47.7,0.0087565,8.2,1043.166667,1654.892638,1974.32971,2227.740741,2600,FMR,1394,1561,1902,2383,2571,1,0,0.666667,72.8,14.3,4,4.5,10724,78343,36.7,,-0.0087565,-2274,-0.2946349,-0.0480234,0.2326326,-0.1100258,0.1846092,1634.496,4.49646,0.002751,0,0,-71.10189460092246,42.11923084720704
SPRINGFIELD,01119,,19.7,0.0297797,16,,,,,,FMR,702,831,1061,1329,1521,0,0,0,47.8,23.5,2.1,25.7,4822,47439,21.3,,-0.0297797,-1952,-1.548294,-2.590493,-0.5583797,-4.697166,-3.148873,1342.626,152.626,0.1136772,0,0,-72.51121416941189,42.1245507520842
BOYLSTON,01505,,71,0.0026397,3.4,,,1295,,,FMR,864,946,1202,1506,1632,0,0,0,91.8,1,4.3,1.9,1713,97074,56.2,,-0.0026397,-151,0.7485881,0.6917201,0.7194093,2.159718,1.411129,1778.916,318.9155,0.1792752,1,1,-71.72121289388473,42.35632574869639
SOMERSET,02726,,52.4,0.0063548,6.8,,,,1300,,FMR,786,889,1060,1328,1565,0,0,0,97.8,0.1,0.4,0.4,6062,75154,28,,-0.0063548,-1080,-0.0841994,0.2424294,0.3746091,0.5328392,0.6170385,1675.401,585.4006,0.3494093,0,0,-71.14445803457448,41.76071486886133
FALL RIVER,02724,,31.3,0.0322253,21.7,,,1087.5,1372,,FMR,786,889,1060,1328,1565,0,0,0,77.9,1.7,1.9,13.2,7621,37932,12.8,,-0.0322253,-3809,-1.028921,-2.886255,-1.136427,-5.051603,-4.022682,1320.074,400.074,0.3030694,0,3,-71.1794232361256,41.68399585838967
SOMERSET,02725,,52.4,0.0063548,10.7,,,,975,,FMR,786,889,1060,1328,1565,0,0,0,95.1,1.9,0,2,933,70183,17.8,,-0.0063548,-234,-0.0841994,0.2424294,-0.020897,0.1373331,0.2215325,1650.235,330.2354,0.2001141,0,0,-71.18426109548834,41.712519484666096
FALL RIVER,02723,,31.3,0.0322253,24.7,,783.3333333,862,1032,,FMR,786,889,1060,1328,1565,0,0,0,69.9,10.3,1.4,12,6672,37617,10.2,,-0.0322253,-3491,-1.028921,-2.886255,-1.440663,-5.355838,-4.326918,1300.716,380.7161,0.2926973,0,3,-71.12967627141373,41.69271473559212
FALL RIVER,02720,,31.3,0.0322253,20,,1000,1229.034483,1531.272727,1000,FMR,786,889,1060,1328,1565,0,0,0,80.7,5.2,2,7.7,13223,47992,20.8,,-0.0322253,-5953,-1.028921,-2.886255,-0.9640269,-4.879202,-3.850282,1331.043,381.0435,0.2862743,0,3,-71.11808638672258,41.73283736076201
FALL RIVER,02721,,31.3,0.0322253,23.6,,823.3333333,955.8333333,,,FMR,786,889,1060,1328,1565,0,0,0,78.7,6.5,2.3,9.2,10897,33383,10.1,,-0.0322253,-6021,-1.028921,-2.886255,-1.32911,-5.244285,-4.215364,1307.814,387.814,0.296536,0,3,-71.14770064466836,41.67467406944881
EASTHAM,02642,,64,0.0081499,5.8,,,,,,FMR,979,1152,1524,1931,2101,0,0,0,92,2.2,2.5,1.4,2446,62143,48.1,,-0.0081499,-284,0.4351734,0.0253366,0.4760209,0.9365309,0.5013576,1701.087,261.0867,0.1534823,0,0,-69.97698218646278,41.83958112937544
PELHAM,03076,,82.3,,,,,,,,FMR,702,831,1061,1329,1521,0,,,,,,,,,,,,,1.254529,,,,,,,,1,1,-71.32390744694928,42.73350477801504
SOUTHBRIDGE,01550,,20.3,0.0124047,16.4,,,,,1650,FMR,864,946,1202,1506,1632,0,0,0,62.4,2.8,0.7,34,6926,50202,15.9,,-0.0124047,-2728,-1.52143,-0.4892235,-0.5989443,-2.609597,-1.088168,1475.454,395.4537,0.2680218,0,3,-72.03376723989663,42.06038945901718
BURLINGTON,01803,,46.6,0.0060973,5.2,1865.569231,2170.605769,2580.883495,3068.969697,2750,FMR,1394,1561,1902,2383,2571,1,0,0,74.5,5.1,16,2,9572,99254,53.6,,-0.0060973,-1330,-0.3438859,0.2735705,0.536868,0.4665526,0.8104386,1671.183,-578.817,-0.3463517,0,0,-71.20257317698719,42.50216161571346
WOBURN,01801,,44.8,0.0059075,7.1,1891.716846,1839.996269,2253.136527,2260.762712,2294.736842,FMR,1394,1561,1902,2383,2571,1,0,0.375,80.4,6.3,7.2,3.6,15650,84857,42.3,,-0.0059075,-2791,-0.4244782,0.2965242,0.3441856,0.2162316,0.6407098,1655.255,-304.7445,-0.1841072,0,0,-71.15425219410639,42.486931537973426
SHERBORN,01770,1,94.3,0.0023159,3.5,,1550,1833.333333,3500,4800,FMR,1394,1561,1902,2383,2571,0,0,0,89.4,0.4,4.1,2.9,1480,170872,82.9,0,-0.0023159,-150,1.791811,0.7308793,0.7092682,3.231959,1.440147,1847.14,87.14001,0.0471756,1,0,-71.37530319810584,42.234142135672286
ROWE,01367,,58.7,,22.7,,,,883,,FMR,870,876,1113,1446,1583,0,0,0,95.4,0.2,0,3,231,55469,33,,,-151,0.1978738,,-1.237839,,,,,,1,0,-72.9118282180126,42.69582262541647
PETERSHAM,01366,,43,,4.7,,,,,,FMR,714,718,950,1279,1294,0,0,0,95.8,0.7,0.2,2,493,65529,38,,,-55,-0.5050706,,0.5875739,,,,,,1,0,-72.18776561008775,42.48054082586589
ORANGE,01364,,18.2,0.008926,13.5,,,,858,,FMR,870,876,1113,1446,1583,0,0,0,95.3,0.2,1.2,1.6,3185,43413,16.8,,-0.008926,-1049,-1.615454,-0.0685222,-0.3048501,-1.988826,-0.3733723,1514.952,374.9521,0.247501,0,3,-72.29241545107568,42.612897098929835
PITTSFIELD,01201,,25.3,0.0232515,16.2,,,,1022,,FMR,708,843,1048,1342,1463,0,0,0,84.7,4.6,2,5.9,19953,47614,28.8,,-0.0232515,-7152,-1.297562,-1.800996,-0.5786621,-3.67722,-2.379658,1407.523,337.5231,0.2397993,0,3,-73.27644079084091,42.44993301346354
BUZZARDS BAY,02542,,41.6,,7.3,,,,,,FMR,,,,,,0,,,80.4,3.5,2.2,13.1,278,48750,33,,,-51,-0.5677536,,0.3239032,,,,,,1,0,-70.54685220188264,41.70254374901365
FALMOUTH,02540,,60,0.0126251,7.4,,,,1016,,FMR,979,1152,1524,1931,2101,0,0,0,86.8,2.7,5.1,1,3974,70758,54.6,,-0.0126251,-611,0.2560793,-0.5158779,0.313762,0.0539635,-0.2021159,1644.931,304.9307,0.185376,0,0,-70.62793017869916,41.57202169989726
LEICESTER,01524,,30.8,0.006163,8.5,,,1200,1025,,FMR,864,946,1202,1506,1632,0,0,0,96,0.3,0.3,2.6,2597,64135,27.9,,-0.006163,-530,-1.051308,0.265625,0.202209,-0.5834736,0.467834,1604.372,524.3719,0.3268394,0,0,-71.91983133193997,42.249209263969746
WHITMAN,02382,,45.8,0.0066467,7.2,1404,1102.588235,1610.535714,2322.058824,2500,FMR,1027,1136,1475,1853,2155,0,0,0.833333,94,1,0.9,2.2,5380,79705,30,,-0.0066467,-1061,-0.3797047,0.2071281,0.3340444,0.1614678,0.5411725,1651.771,211.771,0.1282084,0,0,-70.93990751646564,42.0799853063278
HOLLAND,01521,,70.4,0.0003997,5.1,,,,,,FMR,702,831,1061,1329,1521,0,0,0,95.3,1.3,0,2.4,951,78348,31.9,,-0.0003997,-120,0.721724,0.9626176,0.5470092,2.231351,1.509627,1783.473,493.4734,0.2766923,1,1,-72.16592438783343,42.060121254107834
LEE,01238,,59.4,0.0065478,10.5,,2100,,1181,,FMR,708,843,1048,1342,1463,0,0,0,90.2,1.4,2.9,2.1,2351,67708,32.6,,-0.0065478,-607,0.2292153,0.2190887,-0.0006146,0.4476894,0.2184741,1669.983,679.9827,0.4071795,0,0,-73.22880313933094,42.29523104639761
GLOUCESTER,01930,,39.9,0.0075619,8.2,969.5333333,1320.254237,1532.75,1820.666667,2468.181818,FMR,1394,1561,1902,2383,2571,0,0,0.666667,94.6,1.3,1.1,1.9,12906,65348,38.6,,-0.0075619,-2402,-0.6438684,0.0964471,0.2326326,-0.3147887,0.3290797,1621.468,51.46777,0.0317415,0,0,-70.6896810215115,42.62586983763605
NATICK,01760,1,82.2,0.004132,3.3,1175,1423.881579,2146.148325,2562.890625,2702.777778,FMR,1394,1561,1902,2383,2571,0,0,0.857143,80.1,1.8,12.6,3.9,14157,106332,67.60001,0,-0.004132,-1161,1.250051,0.5112468,0.7295505,2.490849,1.240797,1799.985,-0.0152588,-0.00000848,0,0,-71.34983202951005,42.28433971417855
MILTON,02186,1,80.3,0.0013865,4.2,1506.25,1879,2163.75,2523.611111,2880,FMR,1394,1561,1902,2383,2571,1,0.4,0.4,71.9,15,6.6,4,8970,126000,61.8,46,-0.0013865,-1076,1.164982,0.8432776,0.6382799,2.646539,1.481557,1809.891,-80.10901,-0.0442618,0,0,-71.08437396630482,42.241229494882575
BRAINTREE,02184,1,73.2,0.0036663,5.8,1634.567901,2015.757238,2280.002358,2613.420635,2693.5,FMR,1394,1561,1902,2383,2571,1,0.666667,1,81.2,3.6,11.2,2,14017,88993,41.5,106,-0.0036663,-2131,0.8470897,0.5675668,0.4760209,1.890677,1.043588,1761.797,-308.2029,-0.1749367,0,2,-71.0022397026934,42.20383436678738
IPSWICH,01938,1,68.1,0.0023064,7.1,1040,1223.888889,1514.275862,2053.846154,2350,FMR,1394,1561,1902,2383,2571,0,0,0.75,94.6,0.9,0.7,3.1,5677,80829,51.2,1,-0.0023064,-965,0.6187448,0.7320282,0.3441856,1.694959,1.076214,1749.344,179.3439,0.1025207,1,0,-70.84325203020319,42.68365675812854
EAST WEYMOUTH,02189,,40.4,,14.2,1306.083333,1543.601227,1875.510204,2330.526316,2739.2,FMR,,,,,,1,0,0.8,85.9,4.8,2.5,5.2,6179,58674,30,,,-2119,-0.6214817,,-0.3758383,,,,,,1,0,-70.93159726655459,42.208763937820244
FRAMINGHAM,01701,,39.1,0.0062112,4.6,1451.857143,1513.394495,1810.392,2428.095238,2434.615385,FMR,1394,1561,1902,2383,2571,0,0,0,79.4,5.7,7.5,6,12587,105940,58.6,,-0.0062112,-1442,-0.6796873,0.2597959,0.5977151,0.1778237,0.857511,1652.812,-177.1884,-0.1072042,0,0,-71.43817314884576,42.32173695204762
WEST BOYLSTON,01583,,67.6,0.0021589,7.6,,1132,1700,1160,,FMR,864,946,1202,1506,1632,0,0,0,79.7,5.9,1.8,11.3,2055,73463,30.5,,-0.0021589,-389,0.596358,0.7498663,0.2934797,1.639704,1.043346,1745.828,665.8281,0.3813824,1,1,-71.78498664765293,42.37025285552556
FRAMINGHAM,01702,,39.1,0.0062112,17,1334.769231,1563.676471,1896.093426,2372.890411,2584.375,FMR,1394,1561,1902,2383,2571,0,0,0.625,55,7.5,8.1,24.8,15244,52746,36.3,,-0.0062112,-6187,-0.6796873,0.2597959,-0.6597915,-1.079683,-0.3999956,1572.799,-187.2009,-0.1190241,0,0,-71.43386845087642,42.28216725595435
NORTHAMPTON,01060,,37.9,0.0146667,17.2,,,,,,FMR,702,831,1061,1329,1521,0,0,0,81.9,3,4.2,8.3,6563,57485,61.8,,-0.0146667,-2258,-0.7334154,-0.7627816,-0.6800739,-2.176271,-1.442855,1503.026,143.0255,0.0951584,0,0,-72.63128285551572,42.32225643442945
WEST NEWBURY,01985,,56.5,0.002145,4.6,,1200,1787.5,2275,,FMR,,,,,,0,0,0,97.4,0,0.9,1,1596,135882,53.4,,-0.002145,-208,0.099372,0.7515473,0.5977151,1.448635,1.349262,1733.671,-136.3292,-0.0786362,0,0,-70.96907800947915,42.793919102391044
HYDE PARK,02136,1,38.5,0.0038974,10.9,1177.4,1565.109489,1864.338235,2324.958333,3068.181818,FMR,1394,1561,1902,2383,2571,1,0.166667,1,25.1,44.6,2.1,27.1,11762,64877,28.4,564,-0.0038974,-3414,-0.7065514,0.5396184,-0.0411793,-0.2081122,0.4984391,1628.255,58.25537,0.0357778,0,0,-71.12933455176055,42.25536704601965
BRIGHTON,02135,,20,0.0018474,22.3,1582.223374,1850.004238,2208.329049,2841.506466,3448.377254,FMR,,,,,,1,0.8,0,65.5,5.4,15.1,11.1,19063,61566,65.5,,-0.0018474,-8907,-1.534862,0.787538,-1.197274,-1.944598,-0.4097361,1517.766,-902.2336,-0.5944483,0,0,-71.15387186254131,42.34982764182509
WENHAM,01984,1,76.4,0.0015358,2.6,,,,1061,2600,FMR,1394,1561,1902,2383,2571,0,0,1,89.7,1.9,3.1,4.7,1381,96979,64.2,0,-0.0015358,-95,0.9903651,0.8252218,0.8005388,2.616126,1.625761,1807.956,237.9559,0.131616,1,0,-70.88249401742385,42.600822477916985
TOPSFIELD,01983,1,80.7,0.0015152,1.4,1290,2000,2500,2150,,FMR,1394,1561,1902,2383,2571,0,0,0.5,95.4,0,2.6,1.3,2237,131387,58.6,0,-0.0015152,-87,1.182891,0.8277131,0.922233,2.932837,1.749946,1828.108,258.1075,0.1411884,1,0,-70.94256244480503,42.637279048070205
WEST ROXBURY,02132,1,42,0.0011831,5.9,1384.857143,2064.521277,2217.716129,2457.024793,2876.829268,FMR,,,,,,1,0,0.833333,77.8,5.8,6.7,7.9,11333,93343,53.4,124,-0.0011831,-1627,-0.5498441,0.867876,0.4658798,0.7839117,1.333756,1691.376,-318.6241,-0.1883816,0,0,-71.16144719922501,42.280246688987276
ROSLINDALE,02131,1,29.94444,0.003123,13,1765.487179,1559.895833,2030.62645,2556.988806,2927.629921,FMR,1394,1561,1902,2383,2571,1,0.125,0.75,48.9,25.3,2.2,24.5,12480,72127,43.3,561,-0.003123,-4137,-1.089614,0.6332716,-0.2541442,-0.7104863,0.3791274,1596.29,-283.7096,-0.1777306,0,0,-71.12655333753813,42.28468635632903
JAMAICA PLAIN,02130,,15.44444,0.0037028,17.2,1565.833333,1979.514844,2357.59243,3105.235046,3780.519031,FMR,,,,,,1,0.8,0.466667,56.8,12.7,6.8,21.8,16336,84847,64.9,,-0.0037028,-6509,-1.73883,0.5631527,-0.6800739,-1.855751,-0.1169212,1523.419,-606.5806,-0.3981704,0,0,-71.11487900312854,42.30985402791397
CAMBRIDGE,02139,,48.6,0.0084061,13.9,1930.331492,2271.100754,2987.608554,3585.436893,4434.326579,FMR,1394,1561,1902,2383,2571,1,1,0,61.1,11.5,15.2,8.6,14094,91250,76.4,,-0.0084061,-4269,-0.2543389,-0.0056473,-0.3454148,-0.605401,-0.3510621,1602.977,-877.0233,-0.5471217,0,4,-71.10310320470953,42.3625095534162
CAMBRIDGE,02138,,48.6,0.0084061,12.1,1892.353357,2357.576888,2888.448711,3653.521685,4547.833333,FMR,1394,1561,1902,2383,2571,1,0.625,0.25,67,5.1,15.9,8.2,13542,87671,84.9,,-0.0084061,-3242,-0.2543389,-0.0056473,-0.1628736,-0.4228598,-0.1685209,1614.591,-1025.409,-0.6350886,0,4,-71.13459975741905,42.38002304555211
BRIMFIELD,01010,,84,0.0037247,2.6,,,,1007,,FMR,702,831,1061,1329,1521,0,,,96.4,0.7,0.4,2.5,1465,86523,37,,-0.0037247,-95,1.330644,0.5605041,0.8005388,2.691687,1.361043,1812.764,782.7637,0.4318068,1,1,-72.20624303312519,42.12863460464402
CHICOPEE,01013,,29.9,0.0146235,19,,,900,,,FMR,702,831,1061,1329,1521,0,0,0,67.7,3.4,2.1,26.4,9273,39868,17.5,,-0.0146235,-4233,-1.091604,-0.7575572,-0.8626151,-2.711776,-1.620172,1468.952,458.9524,0.3124352,0,3,-72.6082464226151,42.15947477910094
CHESTERFIELD,01012,,63.1,0,11.4,,,,,,FMR,702,831,1061,1329,1521,0,,,98.5,0,0,0.8,233,70114,38.1,,0,-60,0.3948772,1.010956,-0.0918852,1.313948,0.9190706,1725.101,435.101,0.2522177,1,0,-72.84632583079768,42.38700736452844
REHOBOTH,02769,,58.3,0.003485,2.7,800,,,1108,,FMR,786,889,1060,1328,1565,0,0,0,92.8,0.9,1.4,2.5,4048,96098,39.9,,-0.003485,-326,0.1799643,0.5894926,0.7903976,1.559855,1.37989,1740.748,520.7476,0.2991517,1,1,-71.24558720824938,41.8439378947586
BROOKLINE,02446,1,88.6,0.0035151,14.9,1787.681477,2258.004527,2812.643047,3620.356931,4423.267916,SAFMR,2090,2340,2850,3570,3850,1,1,0.125,70.4,1.9,17,7.3,13301,102342,84.4,3,-0.0035151,-4316,1.536602,0.5858524,-0.4468266,1.675628,0.1390258,1748.114,-1101.886,-0.6303285,0,0,-71.12166809335984,42.3435529424125
BROOKLINE,02445,1,88.6,0.0035151,11.5,1614.398305,2083.55007,2630.71065,3199.538186,3985.129491,SAFMR,2020,2260,2750,3450,3720,1,1,0,72.7,4.4,14.5,4.6,8473,111642,80.4,6,-0.0035151,-2388,1.536602,0.5858524,-0.1020264,2.020428,0.483826,1770.053,-979.9471,-0.5536259,0,0,-71.13395498236638,42.32597381824904
PLAINVILLE,02762,1,73.8,0.0034746,3.6,1410,1404.333333,1471.526316,1855.2,,FMR,1394,1561,1902,2383,2571,0,0,0,95.3,0.7,2,0.2,3474,93889,41.6,14,-0.0034746,-318,0.8739541,0.5907503,0.699127,2.163831,1.289877,1779.177,179.1772,0.1007079,1,0,-71.33641511389494,42.014088341215505
NORTH ATTLEBORO,02760,1,68.5,0.0031336,6.6,,992.75,1183.04,1590.823529,1963.666667,SAFMR,850,960,1140,1430,1680,0,0,0.333333,87.2,1.2,4.3,5.4,10049,85864,39,3,-0.0031336,-1772,0.6366543,0.6319896,0.3948915,1.663535,1.026881,1747.344,607.3445,0.3475814,1,1,-71.33585152747065,41.97006222078927
NORTON,02766,,58.1,0.0013358,6.2,2121,1237.5,1677.4,2253,,FMR,793,956,1219,1529,1686,0,0,0.166667,91.3,3.2,2,2.3,6532,102869,40.2,,-0.0013358,-1093,0.1710096,0.849409,0.4354562,1.455875,1.284865,1734.131,264.1315,0.1523134,1,0,-71.18417660683778,41.964019543574416
BRIDGEWATER,02767,,60.7,0.0062619,7.4,1588,1540.185185,1839.291845,2262.047619,3000,FMR,1027,1136,1475,1853,2155,0,0,0,85.9,4.7,3.5,2.1,4838,93125,37.9,,-0.0062619,-1013,0.2874208,0.2536644,0.313762,0.8548473,0.5674264,1695.889,195.8893,0.1155083,0,0,-71.0510884741767,41.937066017161165
SUTTON,01590,,63,0.0027898,2,,,,,,FMR,864,946,1202,1506,1632,0,0,0,92.9,3.2,1,0.2,3341,101315,43.8,,-0.0027898,-186,0.3903999,0.6735675,0.8613859,1.925353,1.534953,1764.003,684.0034,0.3877563,1,1,-71.7508772351392,42.13394911092109
LAWRENCE,01843,,27.6,0.0234228,22.9,1195.583333,1585.741259,1861.789655,2040.657895,1437.5,FMR,920,1057,1357,1700,1834,0,0,0.666667,23.4,7.1,5,66.8,8732,46629,15.9,,-0.0234228,-5915,-1.194583,-1.821712,-1.258121,-4.274416,-3.079834,1369.525,29.52478,0.0215584,0,0,-71.16093347498669,42.6898261738099
LAWRENCE,01840,,27.6,0.0234228,33.2,1300,1567.297297,1927.560241,2567.5,,FMR,920,1057,1357,1700,1834,0,0,0,8.9,5.6,0,85.9,2215,20596,13,,-0.0234228,-1827,-1.194583,-1.821712,-2.302663,-5.318958,-4.124375,1303.063,83.06262,0.0637442,0,0,-71.16008929263869,42.706888386262506
LAWRENCE,01841,,27.6,0.0234228,27.5,1193.75,926.5454545,1309.925926,1489.742857,1808.333333,FMR,920,1057,1357,1700,1834,0,0,0.1,12,5.8,1.1,84.9,14854,38199,8.6,,-0.0234228,-12947,-1.194583,-1.821712,-1.724616,-4.740911,-3.546328,1339.843,109.8427,0.0819818,0,0,-71.16510561012086,42.71079235595979
METHUEN,01844,,48.3,0.0052431,10.3,1019.615385,1560.12963,1849.332579,1767.391304,1858.333333,FMR,920,1057,1357,1700,1834,0,0,0,65,4.5,3.8,27.2,17671,73525,29.2,,-0.0052431,-4996,-0.2677709,0.3768744,0.0196677,0.1287712,0.3965421,1649.691,269.6906,0.1634795,0,0,-71.1888732016449,42.73401010319202
NORTH ANDOVER,01845,1,70.4,0.0019441,5.4,1345.5,1584.935644,1859.324916,2226.135593,2300,SAFMR,1160,1330,1710,2140,2310,0,0,0.333333,82.8,3,6.2,6,11136,105661,61.9,0,-0.0019441,-1546,0.721724,0.7758434,0.5165856,2.014153,1.292429,1769.654,59.65356,0.0337092,1,0,-71.08652851181127,42.67135187682819
LENOX,01240,,76.5,0.0048357,8.2,,,,,,FMR,708,843,1048,1342,1463,0,,,92.9,2.2,2,2.6,2201,68948,53.8,,-0.0048357,-353,0.9948425,0.4261438,0.2326326,1.653619,0.6587764,1746.714,646.7135,0.3702459,1,1,-73.2764570251107,42.3720876677414
SHARON,02067,1,90.3,0.0015836,1.9,,1495.2,2332.76,2529.166667,3447.5,SAFMR,1780,1990,2430,3040,3280,1,0,0.5,75.5,2.9,15.3,4.3,6220,133229,74.1,10,-0.0015836,-345,1.612717,0.819441,0.8715271,3.303685,1.690968,1851.704,-578.2961,-0.3123049,0,2,-71.18142500815733,42.10811372434251
NORTH ADAMS,01247,,22.5,0.0394508,17.5,,,,,,FMR,901,906,1067,1337,1529,0,0,0,91.1,1.4,0.5,3.2,6848,40928,24.4,,-0.0394508,-2580,-1.422928,-3.76008,-0.7104974,-5.893506,-4.470578,1266.505,336.5054,0.265696,0,3,-73.0799426436579,42.69546123881746
SPRINGFIELD,01129,,19.7,0.0297797,14.2,,,,835,,FMR,702,831,1061,1329,1521,0,0,0,60.8,16.7,1.4,17,2787,63895,28.4,,-0.0297797,-1010,-1.548294,-2.590493,-0.3758383,-4.514625,-2.966331,1354.241,124.2407,0.091742,0,0,-72.48773127799916,42.121002115652516
SPRINGFIELD,01128,,19.7,0.0297797,2.2,,,,,,FMR,702,831,1061,1329,1521,0,0,0,65.8,13.7,0.4,13.1,1097,65977,25.3,,-0.0297797,-58,-1.548294,-2.590493,0.8411035,-3.297683,-1.749389,1431.672,401.6722,0.2805616,0,0,-72.48813625213306,42.0948755186147
WESTFIELD,01085,,34.7,0.006663,9.5,,,,,,FMR,702,831,1061,1329,1521,0,0,0,86.5,1.5,2.2,8.3,15542,62423,32.1,,-0.006663,-3679,-0.8766907,0.2051568,0.1007972,-0.5707368,0.305954,1605.182,565.1824,0.3520986,0,0,-72.7695787466429,42.15371115006718
WARE,01082,,27.1,0.0142523,13.6,,,750,939.25,,FMR,702,831,1061,1329,1521,0,0,0,90.9,0.5,0.5,6.1,4455,51768,21.8,,-0.0142523,-1434,-1.216969,-0.7126656,-0.3149913,-2.244627,-1.027657,1498.676,488.6761,0.3260719,0,3,-72.27776236737229,42.29480338806595
WALES,01081,,74.3,0.0026355,5.5,,,,,,FMR,702,831,1061,1329,1521,0,,,96.1,0.2,0,2.7,734,50465,18.4,,-0.0026355,-100,0.8963408,0.6922281,0.5064445,2.095013,1.198673,1774.799,684.7986,0.3858458,1,1,-72.23094045534782,42.06234329982122
WEST SPRINGFIELD,01089,,47,0.0197037,13.2,,,,946,,FMR,702,831,1061,1329,1521,0,0,0,77.9,4.8,4.5,9.9,11971,51735,31.1,,-0.0197037,-3733,-0.3259765,-1.371938,-0.2744265,-1.972341,-1.646364,1516.001,506.0011,0.3337736,0,3,-72.65027277768031,42.12534545290703
SOMERVILLE,02144,,62,0.007287,12.3,1872.986003,2112.244027,2435.303388,3178.042857,4039.636744,FMR,1394,1561,1902,2383,2571,1,1,0.333333,82.3,4.4,6.8,4.5,10792,102033,71.60001,,-0.007287,-2965,0.3456264,0.1296926,-0.1831559,0.292163,-0.0534634,1660.087,-609.9131,-0.3673983,0,0,-71.12179773062174,42.40061299275056
MIDDLEBOROUGH,02346,,28.9,0.0105063,7.8,1083.5,1195.4,1314.142857,2214.285714,,FMR,1027,1136,1475,1853,2155,0,0,0.666667,91.9,2.4,0.5,1.9,9078,79811,29.4,,-0.0105063,-1835,-1.136377,-0.259638,0.2731973,-1.122818,0.0135593,1570.055,0.0545654,0.0000348,0,0,-70.87432252536102,41.88036178365353
LAKEVILLE,02347,,63.9,0.0038477,4.3,1800,1600,1800,827,,FMR,1027,1136,1475,1853,2155,0,0,0.2,95.3,0.4,0.6,2.2,3956,97990,35.6,,-0.0038477,-482,0.4306961,0.545629,0.6281387,1.604464,1.173768,1743.586,253.5859,0.1454393,1,0,-70.95913758870755,41.83127118627458
HANSON,02341,,45.8,0.0055734,3.3,,,1591.5,,,FMR,1027,1136,1475,1853,2155,0,0,0,94.3,0.5,1.4,1.3,3720,96389,31.8,,-0.0055734,-342,-0.3797047,0.3369291,0.7295505,0.686775,1.06648,1685.195,115.1952,0.0683572,0,0,-70.87231526691414,42.055785281307514
HOLBROOK,02343,,58,0.0035249,8,1043.75,1441.733333,1740,2075,1905.2,FMR,1394,1561,1902,2383,2571,1,0,0.5,77.2,8.5,5.5,7.5,4257,67589,28.4,,-0.0035249,-850,0.1665323,0.5846673,0.2529149,1.004115,0.8375822,1705.387,65.38684,0.0383414,1,0,-71.00482158987553,42.147290786968576
CAMBRIDGE,02142,,48.6,0.0084061,14.3,2516.655556,3085.177019,3408.894372,4845.559748,3610.416667,FMR,1394,1561,1902,2383,2571,1,1,0.333333,55.9,3.7,26.9,7.5,1326,120729,91.8,,-0.0084061,-328,-0.2543389,-0.0056473,-0.3859796,-0.6459658,-0.3916269,1600.396,-1249.604,-0.7808096,0,4,-71.08200795669264,42.36183309338496
UXBRIDGE,01569,,49.4,,8.1,715,975,1296,1391.4,1185,FMR,864,946,1202,1506,1632,0,,,93,2.4,2.1,1.5,4817,94809,35.9,,,-1122,-0.2185199,,0.2427737,,,,,,1,0,-71.63708438022364,42.05873200037177
GARDNER,01440,,18.1,0.0144675,19,,,977,1160,,FMR,826,832,1096,1380,1491,0,0,0,85.3,2.2,1.3,8.1,8254,48915,18.6,,-0.0144675,-3637,-1.619931,-0.7386911,-0.8626151,-3.221237,-1.601306,1436.536,456.5364,0.3178036,0,3,-71.98648749435606,42.58736816455466
SPENCER,01562,,32.1,0.0050646,11.2,,1087.5,800,1500,,FMR,864,946,1202,1506,1632,0,0,0,93.1,0.9,2.4,3.2,4969,65386,22.6,,-0.0050646,-1320,-0.993102,0.3984615,-0.0716029,-0.6662434,0.3268586,1599.105,519.1055,0.3246224,0,0,-71.99189376367376,42.24714822013113
STURBRIDGE,01566,,84.1,0.0082807,2.5,,,,938,,FMR,864,946,1202,1506,1632,0,0,0,92.6,0.5,2.3,3.7,2220,95800,46.8,,-0.0082807,-162,1.335121,0.0095181,0.81068,2.155319,0.820198,1778.636,508.6357,0.2859696,1,1,-72.08115612897444,42.10239753423237
LANESBOROUGH,01237,,72.2,,4.5,,,,869,,FMR,708,843,1048,1342,1463,0,,,96.2,2.8,0.1,0.7,970,84615,40.3,,,-123,0.8023162,,0.6078563,,,,,,1,1,-73.26264755558553,42.54971363129976
ATHOL,01331,,19.7,0.0130765,15.5,525,,1050,1150,,FMR,714,718,950,1279,1294,0,0,0,91,1.1,0.8,5,5403,53733,18.4,,-0.0130765,-2020,-1.548294,-0.5704685,-0.5076737,-2.626436,-1.078142,1474.382,494.3824,0.3353149,0,3,-72.1829388741648,42.56728254292217
EVERETT,02149,,39.5,0.0097918,14.6,1914.62069,1946.787819,1997.314961,2202.006173,2674.683544,FMR,1394,1561,1902,2383,2571,1,0.142857,0,46.1,19.5,6.5,23,15521,57143,19.5,,-0.0097918,-6471,-0.6617779,-0.1732289,-0.4164031,-1.25141,-0.589632,1561.872,-98.12756,-0.0628269,0,0,-71.05448024152405,42.40641661031508
SPRINGFIELD,01109,,19.7,0.0297797,30.1,,,,1110.5,1300,FMR,702,831,1061,1329,1521,0,0,0,21.3,38.3,1.2,39.1,9591,35191,15.1,,-0.0297797,-8147,-1.548294,-2.590493,-1.988286,-6.127073,-4.578779,1251.644,111.644,0.0891979,0,0,-72.54875038662313,42.118374319918466
SCITUATE,02066,1,70.8,,3.8,1200,1622.222222,1527,2151.333333,3075,FMR,1394,1561,1902,2383,2571,0,0,0.666667,95.7,0.3,0.6,1.6,6650,114766,55,0,,-685,0.7396335,,0.6788446,,,,,,1,1,-70.76181487700381,42.20146050913955
EDGARTOWN,02539,,79.9,0.0117192,5.5,,,,,,FMR,1096,1453,1664,2207,2274,0,0,0,89.6,0.7,0.3,2.5,1597,75404,41.3,,-0.0117192,-231,1.147072,-0.4063216,0.5064445,1.247195,0.1001229,1720.854,,,1,0,-70.5322312693957,41.37994300032932
EAST WAREHAM,02538,,29.1,,8.8,,,,1850,,FMR,,,,,,0,0,0,76.8,2.6,1.7,3.3,1440,67993,14.9,,,-283,-1.127422,,0.1717855,,,,,,1,0,-70.64916546406154,41.777015507312164
BUZZARDS BAY,02532,,41.6,,8.9,1650,,1531.818182,1283.333333,3000,FMR,,,,,,0,0,0,90.2,2.7,1,3.1,5685,75502,34.9,,,-1068,-0.5677536,,0.1616443,,,,,,1,0,-70.59728381911609,41.75162832175007
ROXBURY,02119,,44.94444,0.0143578,30.7,1963.186813,1778.780488,2281.074766,2858.030479,3308.634176,FMR,,,,,,1,0.888889,0.666667,10.3,57.7,3.1,30.8,11261,30663,25.2,,-0.0143578,-8215,-0.418011,-0.7254243,-2.049134,-3.192569,-2.774558,1438.36,-131.6395,-0.0915205,0,0,-71.08483083525269,42.32410303984619
TRURO,02666,,71.3,0.0154008,14.7,,,,,,FMR,979,1152,1524,1931,2101,0,,,93.1,3.1,0,1.4,357,63306,43.4,,-0.0154008,-119,0.7620203,-0.851561,-0.4265442,-0.5160849,-1.278105,1608.66,288.6597,0.1794411,0,0,-70.04568999987488,41.98942830983906
MILLBURY,01527,,45.3,0.0048689,6.8,,,1112,,,FMR,864,946,1202,1506,1632,0,0,0,92.4,0.8,2.6,1.3,5330,74713,31.3,,-0.0048689,-896,-0.4020915,0.4221288,0.3746091,0.3946464,0.7967379,1666.608,496.6077,0.2979752,0,0,-71.77416136970791,42.192179919591446
MIDDLETON,01949,1,84,0.003577,4.3,,1218.75,1965,2087.5,3550,SAFMR,1920,2150,2620,3280,3540,0,0,0,86.1,2.5,1.1,9.5,2998,107727,40.1,0,-0.003577,-349,1.330644,0.5783665,0.6281387,2.537149,1.206505,1802.931,-817.0692,-0.4531895,0,2,-71.01642452608291,42.60432277497695
LEVERETT,01054,,62,0.0005426,4.3,,,,,,FMR,870,876,1113,1446,1583,0,,,94.9,0.7,1.6,1.2,818,87174,64.9,,-0.0005426,-84,0.3456264,0.9453357,0.6281387,1.919101,1.573474,1763.606,,,1,1,-72.48745752256801,42.47362610021426
MONSON,01057,,33.3,0.0091819,5.7,,,,1026.5,,FMR,702,831,1061,1329,1521,0,0,0,95.6,0.6,0.9,1.5,3495,78986,26.4,,-0.0091819,-496,-0.9393737,-0.0994698,0.4861622,-0.5526814,0.3866924,1606.331,596.3312,0.371238,0,0,-72.32433165440041,42.09166119438128
LUDLOW,01056,,34.6,0.0062305,5.4,,,,,,FMR,702,831,1061,1329,1521,0,0,0,88.9,1.5,0.8,7.8,8086,67715,23.8,,-0.0062305,-1124,-0.8811682,0.2574618,0.5165856,-0.1071208,0.7740474,1634.681,574.6813,0.3515556,0,0,-72.45804083788953,42.192112716529216
LYNNFIELD,01940,1,90.6,0.0017725,2.1,2025,2154.957627,2667.026087,1916.5,1025,FMR,1394,1561,1902,2383,2571,1,0,0,90.6,0.7,4.9,3,4949,113509,52.8,0,-0.0017725,-270,1.626149,0.7965961,0.8512447,3.27399,1.647841,1849.814,-10.18555,-0.0055063,0,0,-71.03754894723168,42.53456919276153
MARBLEHEAD,01945,1,69.3,0.0037861,5.7,1426.923077,1668.507042,1799.274194,2614.473684,3191,FMR,1394,1561,1902,2383,2571,1,0,0,92.7,1.7,1.6,3.5,8250,110025,70.3,0,-0.0037861,-1163,0.6724733,0.5530787,0.4861622,1.711714,1.039241,1750.41,-49.58997,-0.0283305,0,0,-70.8636762758052,42.4991135220292
MANCHESTER BY THE SEA,01944,1,84.8,,7.7,2350,1350,1883.333333,2861.5,2268.75,FMR,,,,,,0,0,1,97.2,0,0.6,1.6,2106,105500,61.3,0,,-411,1.366463,,0.2833385,,,,,,1,1,-70.76825402580722,42.58154020974404
MENDON,01756,1,77.6,0.002481,0.6,,,1860,1844.5,,SAFMR,1130,1280,1570,1970,2360,0,0,0,93.6,0.5,1.2,0.8,2064,125816,47,0,-0.002481,-33,1.044093,0.7109127,1.003362,2.758368,1.714275,1817.006,247.0065,0.1359414,1,0,-71.55148217434818,42.093020447580315
MATTAPOISETT,02739,1,94.3,0.0060335,4.4,,,,,,FMR,1027,1136,1475,1853,2155,0,0,0,96.2,0,0.1,1.7,2429,85870,46.8,0,-0.0060335,-276,1.791811,0.2812862,0.6179975,2.691095,0.8992837,1812.726,452.7261,0.2497488,1,1,-70.81705754183771,41.66869469373639
MAYNARD,01754,,47.8,0.0077758,9.2,1146.666667,1180.666667,1723.823529,1592.5,1571.666667,FMR,1394,1561,1902,2383,2571,0,0,0,88.6,4.1,2.9,2.8,4274,95833,49.7,,-0.0077758,-960,-0.2901577,0.0705789,0.1312208,-0.0883581,0.2017996,1635.875,65.87512,0.040269,0,0,-71.45611732338145,42.42640054187823
MARLBOROUGH,01752,,37.5,0.0113519,7.2,1009.688889,1415.605042,1688.39071,1993.298969,2408.571429,FMR,1394,1561,1902,2383,2571,0,0,0,73,2.7,5.4,13,15529,75418,39.3,,-0.0113519,-2830,-0.7513249,-0.3619017,0.3340444,-0.7791822,-0.0278573,1591.919,-98.08069,-0.0616116,0,0,-71.54680803794153,42.34940157256418
BREWSTER,02631,,54.1,0.005946,4.9,,,,,,FMR,979,1152,1524,1931,2101,0,0,0,96.4,0.7,0.2,1.8,4267,69606,52.9,,-0.005946,-465,-0.0080845,0.2918682,0.5672916,0.8510752,0.8591597,1695.649,165.6493,0.0976908,0,0,-70.06940413598116,41.74685498182033
WESTFORD,01886,1,89.4,0.0019413,2.5,1383.333333,1853.963964,2320.662252,3207.142857,3300,SAFMR,1430,1640,2110,2640,2850,0,0,0,78.4,0.5,17.7,2.2,8244,138006,69.1,0,-0.0019413,-586,1.572421,0.7761821,0.81068,3.159283,1.586862,1842.516,-267.4841,-0.1451733,0,2,-71.4400823456931,42.58641738052859
WILMINGTON,01887,,64.9,0.004728,2.9,1000,1892.550296,2415.032258,2533.75,2591.666667,FMR,1394,1561,1902,2383,2571,1,0,0.5,88.9,2.6,4.9,1.5,7947,118549,40.8,,-0.004728,-663,0.4754696,0.4391687,0.7701152,1.684754,1.209284,1748.695,-521.3054,-0.2981112,0,2,-71.16544407799759,42.56092635384694
WAKEFIELD,01880,,62.2,0.0058276,3.8,1603,1486.071429,2066.627907,2356.428571,2564.8,FMR,1394,1561,1902,2383,2571,1,0,0.833333,91.8,1.1,2,3.8,10335,93337,50.9,,-0.0058276,-981,0.3545811,0.3061871,0.6788446,1.339613,0.9850316,1726.734,16.73401,0.0096911,1,0,-71.06702546486561,42.502223402926816
PLYMOUTH,02047,,41.1,,0,,,1495,,,FMR,1394,1561,1902,2383,2571,0,0,1,100,0,0,0,50,26953,0,,,0,-0.5901403,,1.064209,,,,,,1,0,-70.68674070295543,42.133456371445895
HULL,02045,,45.3,0.0092728,4.5,869.25,1413.5,1710.810811,1849.375,2900,FMR,1394,1561,1902,2383,2571,1,0,0,92.7,0.5,0.9,3.7,4892,80584,44.1,,-0.0092728,-472,-0.4020915,-0.1104629,0.6078563,0.095302,0.4973934,1647.561,-72.43896,-0.0439674,0,0,-70.88269216482199,42.28436170388442
HINGHAM,02043,1,89.2,0.0024966,5.3,1393.666667,1782.142857,2363.96875,2489.333333,3290.909091,SAFMR,1660,1850,2260,2830,3050,1,0,1,95.5,0.3,1.8,1.4,8712,125144,69.7,3,-0.0024966,-1193,1.563466,0.7090261,0.5267268,2.799219,1.235753,1819.606,-440.3943,-0.2420273,0,2,-70.8849945241359,42.21677674339552
MANSFIELD,02048,1,67.7,0.0058134,2.6,973.12,1616.064516,1771.571429,2247.714286,2200,SAFMR,1130,1280,1570,1970,2140,0,0,0.666667,87,2.5,5,3.4,8471,111141,55.5,9,-0.0058134,-613,0.6008353,0.3079044,0.8005388,1.709278,1.108443,1750.255,180.255,0.1029879,1,0,-71.21867877037829,42.01625615145636
QUINCY,02169,,57.5,0.0124566,11.8,1813.590164,1965.730043,2263.097122,2504.367347,2578.947368,FMR,1394,1561,1902,2383,2571,1,0.583333,0.416667,63.1,6.8,23.9,4.1,24770,67028,42.8,,-0.0124566,-6535,0.1441455,-0.4955001,-0.13245,-0.4838045,-0.6279501,1610.714,-349.2864,-0.2168519,0,0,-71.00321270470161,42.24758603693476
BOSTON,02163,,23.33333,0.0001226,30.9,1562,,2570,,3400,FMR,1394,1561,1902,2383,2571,1,1,0,53.5,9.3,22.1,11.4,528,64000,97.6,,-0.0001226,-320,-1.385616,0.996129,-2.069416,-2.458903,-1.073287,1485.042,-1364.958,-0.9191375,0,0,-71.1209113700685,42.36633375585345
NEWTON,02466,1,84.7,0.0019,5.6,,,,,,SAFMR,,,,,,,,,,,,,,,,2,-0.0019,,1.361985,0.7811767,0.4963033,2.639465,1.27748,1809.441,,,1,1,-71.24805488622452,42.344116109190736
DIGHTON,02715,,58.3,0.0006739,6.4,,,1550,,,FMR,793,956,1219,1529,1686,0,,,94.8,2.7,0,0.8,1303,98112,35.9,,-0.0006739,-230,0.1799643,0.9294568,0.4151739,1.524595,1.344631,1738.504,668.504,0.3845283,1,1,-71.15056113744922,41.81749141855053
ORLEANS,02653,,85.3,0.0046168,7.6,,,,,,FMR,979,1152,1524,1931,2101,0,0,0,94.2,3.4,0.5,2,2895,61506,56.1,,-0.0046168,-442,1.38885,0.4526168,0.2934797,2.134946,0.7460965,1777.339,467.3394,0.2629432,1,1,-69.97386937574817,41.76876882084661
FAIRHAVEN,02719,,51.6,0.0082462,9.4,695,,3300,,,FMR,743,777,933,1169,1261,0,0,0,89.1,0.5,4.8,1.9,6506,62090,30,,-0.0082462,-1469,-0.1200183,0.0136903,0.1109384,0.0046105,0.1246288,1641.791,611.7905,0.3726362,0,0,-70.87321427664033,41.639452128714375
PROVINCETOWN,02657,,56.8,0.0238113,13.2,,,,,,FMR,979,1152,1524,1931,2101,0,0,0,87.6,1.7,1.6,5.5,1772,47500,48.8,,-0.0238113,-391,0.112804,-1.868696,-0.2744265,-2.030319,-2.143123,1512.312,212.3121,0.1403891,0,0,-70.19813697491362,42.06138739979238
GEORGETOWN,01833,,62.5,0.0010391,2.1,,2183.333333,1969.461538,1050,1800,FMR,920,1057,1357,1700,1834,0,0,0.25,93,1.1,0.9,3.8,3265,113417,47.8,,-0.0010391,-175,0.3680131,0.8852909,0.8512447,2.104549,1.736536,1775.405,145.4053,0.0818998,1,0,-70.98210008379412,42.72401154129244
HAVERHILL,01832,,30.1,0.0175388,12.1,1456.595238,1544.447619,1669.067568,1505.794118,1453,FMR,920,1057,1357,1700,1834,0,0,0.75,68.2,2.5,1.1,27,8825,64238,31,,-0.0175388,-2788,-1.082649,-1.110123,-0.1628736,-2.355646,-1.272997,1491.612,221.6122,0.1485723,0,0,-71.13128176378383,42.79103386601996
HAVERHILL,01830,,30.1,0.0175388,15.8,1294.769231,1573.180617,1792.160458,1541.311111,1900,FMR,920,1057,1357,1700,1834,0,0,0.6,72.2,3.3,1,21.5,10148,61375,26,,-0.0175388,-3981,-1.082649,-1.110123,-0.5380973,-2.730869,-1.64822,1467.738,127.7375,0.0870302,0,0,-71.05310955068803,42.79591311148276
HAVERHILL,01835,,30.1,0.0175388,8.4,1212,1214.25,1576.020408,1473.809524,1450,FMR,920,1057,1357,1700,1834,0,0,1,83.6,3.8,2.3,9.9,5182,77697,35.8,,-0.0175388,-1086,-1.082649,-1.110123,0.2123502,-1.980422,-0.8977728,1515.487,95.48694,0.0630074,0,0,-71.08594498097965,42.752926835923006
GROVELAND,01834,,56.5,0.0002863,1.7,,1360,1500,1650,3600,FMR,920,1057,1357,1700,1834,0,,,95,0.8,0.2,4,2339,95031,40,,-0.0002863,-111,0.099372,0.9763318,0.8918094,1.967513,1.868141,1766.686,346.686,0.1962352,1,1,-71.01485896883773,42.751985936433
BROCKTON,02301,,25.8,0.0302712,21.6,1402.555556,1220.253165,1523.891892,1707.377049,1900,FMR,1027,1136,1475,1853,2155,1,0,0.333333,32.4,44.5,1.8,10.4,21042,47724,17.8,,-0.0302712,-12856,-1.275175,-2.649933,-1.126286,-5.051394,-3.776219,1320.087,-89.91272,-0.0681112,0,0,-71.04221761629954,42.077904130852595
BROCKTON,02302,,25.8,0.0302712,12.2,1165,1018.75,1491.888889,1630.916667,2180,FMR,1027,1136,1475,1853,2155,1,0,0.8,44.3,34.7,2.3,11,11158,63718,17.2,,-0.0302712,-4089,-1.275175,-2.649933,-0.1730147,-4.098123,-2.822948,1380.742,-189.2581,-0.1370698,0,0,-70.99869094981312,42.08786385360807
GROTON,01450,,86.7,0.0013174,4,,1020,1610,1881,,FMR,1026,1179,1514,1897,2047,0,0,0.25,92.5,0.6,4.3,1.3,4101,123918,66.3,,-0.0013174,-441,1.451532,0.8516343,0.6585622,2.961729,1.510196,1829.946,209.9459,0.1147279,1,0,-71.56140713964598,42.61368256989459
RICHMOND,01254,,82.7,,6.9,,,,,,FMR,708,843,1048,1342,1463,0,0,0,94.3,1,2.4,0.2,471,92083,51.2,,,-68,1.272438,,0.3644679,,,,,,1,1,-73.36544939113924,42.37982092728381
SUNDERLAND,01375,,74.3,0.0032972,17.7,,,,935,,FMR,702,831,1061,1329,1521,0,0,0,74.4,3.1,10,7.5,1597,54886,56.1,,-0.0032972,-645,0.8963408,0.6122044,-0.7307798,0.7777655,-0.1185754,1690.985,,,0,0,-72.5546081615489,42.46510263033121
ABINGTON,02351,,46.6,0.005961,3.2,1143.75,1419.148936,1712.875,2187.346154,2450,FMR,1027,1136,1475,1853,2155,1,0,0.666667,89.9,2.7,2.4,2.3,6236,91643,33.9,,-0.005961,-513,-0.3438859,0.2900541,0.7396917,0.6858599,1.029746,1685.137,165.137,0.0979962,0,0,-70.95961922271556,42.117236546792995
BELLINGHAM,02019,,47.8,0.0055997,3.5,,1000,1681.2,1367.5,2500,FMR,1394,1561,1902,2383,2571,0,0,0.333333,91.6,1.6,3,2.6,6347,95533,30.6,,-0.0055997,-584,-0.2901577,0.3337485,0.7092682,0.7528589,1.043017,1689.4,-170.6,-0.1009826,0,0,-71.47409802759567,42.077726288764865
STONEHAM,02180,,59.4,0.0045801,4.8,1780,2053.661088,2309.800604,2138.434783,2509.090909,FMR,1394,1561,1902,2383,2571,1,0,0.5,90.9,2.1,2.6,3.3,9062,90320,44.9,,-0.0045801,-1036,0.2292153,0.4570552,0.5774328,1.263703,1.034488,1721.904,-108.0959,-0.062777,0,0,-71.09723398826047,42.474075688301795
WAREHAM,02576,,29.1,,6.7,,,,,,FMR,1394,1561,1902,2383,2571,0,0,0,84.5,1.6,1.5,2.6,1899,84497,21,,,-349,-1.127422,,0.3847503,,,,,,1,0,-70.76370205863206,41.77806965322297
WAREHAM,02571,,29.1,0.0160164,11.5,,,,1152,,FMR,1394,1561,1902,2383,2571,0,0,0,83.8,3.9,0.3,3.7,4578,59449,26.1,,-0.0160164,-1200,-1.127422,-0.9260094,-0.1020264,-2.155458,-1.028036,1504.35,-65.65027,-0.0436403,0,0,-70.69795936454392,41.76357700469876
NORTHBRIDGE,01534,,29.1,0.0064874,8,,975,900,1344.4,,FMR,864,946,1202,1506,1632,0,0,0,92.7,0.7,1.3,5.1,2236,89348,38.9,,-0.0064874,-499,-1.127422,0.2263933,0.2529149,-0.6481143,0.4793082,1600.259,450.2589,0.2813663,0,0,-71.64300526982882,42.140435502237004
NORTH BROOKFIELD,01535,,29.5,,5.2,,,,1048,,FMR,864,946,1202,1506,1632,0,0,0,96.6,0.9,0.8,1.4,1818,73133,24.7,,,-245,-1.109513,,0.536868,,,,,,1,0,-72.07794745090216,42.26950086841167
NORTHBOROUGH,01532,,68.5,0.0009321,3.2,1800,1273.357143,1981.157895,2258.709677,2570,FMR,864,946,1202,1506,1632,0,0,0,84.4,1.7,8.7,3.1,5278,111875,55.2,,-0.0009321,-465,0.6366543,0.898231,0.7396917,2.274577,1.637923,1786.224,166.2239,0.0930588,1,0,-71.64618767761037,42.323126915463895
EASTON,02375,,64.3,,3.8,1347.5,1207.142857,1752.5,2243.2,2571.428571,FMR,1093,1124,1487,2108,2202,0,0,0,87,5,2.3,2.8,3656,94457,42.5,,,-385,0.4486056,,0.6788446,,,,,,1,1,-71.10147349196345,42.017459285644435
ROCKLAND,02370,,31.3,,7,1025,1124.4,1667.391304,1776.470588,850,FMR,1394,1561,1902,2383,2571,0,0,0,91.5,3.4,0.5,2,6853,77573,28.9,,,-1227,-1.028921,,0.3543268,,,,,,1,0,-70.91095930091481,42.129870706430424
GREENFIELD,01301,,33,0.0192829,13,,,,,,FMR,870,876,1113,1446,1583,0,0,0,87.6,2.6,1.1,7.1,7995,48477,31.8,,-0.0192829,-2217,-0.9528058,-1.321048,-0.2541442,-2.527998,-1.575192,1480.646,,,0,3,-72.6040095505829,42.62405725154123
WEYMOUTH,02188,,40.4,0.0086276,5.9,1382.053571,1631.296552,1902.232394,2281.428571,2595.083333,FMR,1394,1561,1902,2383,2571,1,0,1,76.1,10.8,7,3.2,6296,81040,38.4,,-0.0086276,-897,-0.6214817,-0.0324348,0.4658798,-0.1880367,0.433445,1629.533,-30.46729,-0.0186969,0,0,-70.95748224796519,42.20808135047709
NAHANT,01908,1,71.7,0.006865,4.2,1875,1524.285714,2331.666667,,3200,FMR,1394,1561,1902,2383,2571,1,0,0,96.6,1,0.6,1.4,1597,81384,53,0,-0.006865,-144,0.7799294,0.1807277,0.6382799,1.598937,0.8190075,1743.234,43.23425,0.0248012,1,0,-70.92728969126989,42.42978492643463
SWAMPSCOTT,01907,1,73.8,0.0028988,5.9,1240.125,1906.097778,2476.695652,2759.788732,2366.5,FMR,1394,1561,1902,2383,2571,1,0,1,91.9,0.6,0.9,3.5,5494,105029,54.3,0,-0.0028988,-840,0.8739541,0.6603855,0.4658798,2.000219,1.126265,1768.767,-61.23303,-0.034619,0,0,-70.90673379632777,42.47582854568233
SAUGUS,01906,,39.8,0.0083339,7.9,1450,1848.376344,2392.706981,2823.571429,2459.5,FMR,1394,1561,1902,2383,2571,1,0,0.166667,86.3,2.7,4.6,4.8,10210,82188,26.5,,-0.0083339,-2162,-0.6483458,0.0030842,0.2630561,-0.3822055,0.2661403,1617.178,-142.8218,-0.0883154,0,0,-71.01440903748485,42.46799297300423
LYNN,01905,,35.5,0.0226401,20.7,1221.428571,1432.954545,1662,1492.25,2255,FMR,1394,1561,1902,2383,2571,1,0,0.375,33.2,13.5,10,40.9,8539,57638,17,,-0.0226401,-5410,-0.8408719,-1.727056,-1.035015,-3.602943,-2.762071,1412.249,-157.7507,-0.1117018,0,0,-70.97588951466066,42.466137977457926
LYNN,01904,,35.5,0.0226401,6.3,1733.333333,1372.636364,1662.037037,1877.181818,2300,FMR,1394,1561,1902,2383,2571,1,0,0,67.3,5,5.7,20.3,6345,88395,28.8,,-0.0226401,-1069,-0.8408719,-1.727056,0.425315,-2.142612,-1.301741,1505.167,-224.8329,-0.149374,0,0,-70.97273013138894,42.491528592174625
LYNN,01902,,35.5,0.0226401,24.3,1171.25,1362.215909,1613.662791,2020.37037,2194.736842,FMR,1394,1561,1902,2383,2571,1,0,0.7,29.7,16.1,8.3,44.4,17154,42851,17.3,,-0.0226401,-11359,-0.8408719,-1.727056,-1.400098,-3.968025,-3.127153,1389.02,-180.9802,-0.1302935,0,0,-70.93990773608834,42.47086881016996
LYNN,01901,,35.5,0.0226401,30.3,1425,1451.818182,1759.222222,1185.666667,2195,FMR,1394,1561,1902,2383,2571,1,0,1,37.7,17.8,0.9,43.3,916,22057,17.7,,-0.0226401,-492,-0.8408719,-1.727056,-2.008569,-4.576496,-3.735624,1350.304,-219.6959,-0.1627011,0,4,-70.946517778669,42.461003863837796
ACTON,01718,1,90.4,,10.6,,,2200,1309.833333,850,SAFMR,1400,1570,1910,2390,2580,0,,,50,15.6,24.3,6,240,160750,86.8,0,,-56,1.617194,,-0.0107558,,,,,,1,0,-71.4291159372056,42.519776470642235
BOXBOROUGH,01719,1,95,0.0049296,4.7,1407.2,1477.636364,1625.923077,3376.8,3200,FMR,1394,1561,1902,2383,2571,0,,,73.6,0.9,20.2,2.9,2288,101077,71.8,0,-0.0049296,-247,1.823153,0.4147879,0.5875739,2.825514,1.002362,1821.279,251.2788,0.1379683,1,0,-71.517816898754,42.488359176737276
PALMER,01069,,26.6,0.0138109,7,,,,900,,FMR,702,831,1061,1329,1521,0,0,0,93,1.8,0.5,3.8,3630,59211,29.3,,-0.0138109,-591,-1.239356,-0.6592842,0.3543268,-1.544314,-0.3049575,1543.236,533.2356,0.3455309,0,0,-72.30551138093595,42.18809319357616
MILFORD,01757,,44.1,0.0065994,7.6,966.6666667,1217.848485,1477.6875,1535.75,2062.6,FMR,935,940,1244,1589,1944,0,0,0,78.7,2.6,2.8,11.7,11086,75976,36.7,,-0.0065994,-2167,-0.4558197,0.2128484,0.2934797,0.0505083,0.506328,1644.711,374.7109,0.2278278,0,0,-71.51910854515371,42.156781911559506
ROXBURY CROSSING,02120,,27.44444,0.0096044,44.8,1789.166271,2061.450292,2581.371571,3412.060086,4102.980342,FMR,,,,,,1,1,1,37.2,25.4,17.8,20.9,4991,32243,41.1,,-0.0096044,-5876,-1.201548,-0.1505654,-3.47904,-4.831153,-3.629606,1334.101,-675.8993,-0.5066329,0,4,-71.09637255034335,42.332095768390026
DORCHESTER,02121,,16.66667,0.0140832,35.3,4129.111111,1411.931818,1853.465347,2238.116129,2606.103286,FMR,,,,,,1,0.3,0.9,2.6,68.8,0.6,30.8,10471,27964,15.4,,-0.0140832,-9884,-1.684107,-0.6922152,-2.515628,-4.89195,-3.207843,1330.232,-239.7676,-0.1802449,0,4,-71.0858598307635,42.30589455476347
DORCHESTER,02122,,20.77778,0.0081435,20.7,1485.869565,1655.291139,1955.798122,2282.952522,2701.34375,FMR,,,,,,1,0.875,0.375,33.3,31.2,18.7,12.2,8384,56024,25.1,,-0.0081435,-5066,-1.500038,0.0261105,-1.035015,-2.508942,-1.008905,1481.858,-238.1417,-0.1607048,0,0,-71.03354815550887,42.30006972473208
DORCHESTER CENTER,02124,,39.77778,0.0091424,21.7,1824.494382,1827.358268,1980.374396,2200.994318,2762.244898,FMR,,,,,,1,0.6,0.9,16.4,63.8,6,16,19130,50227,24.5,,-0.0091424,-11459,-0.6493407,-0.0946928,-1.136427,-1.880461,-1.23112,1521.847,-318.1527,-0.2090569,0,4,-71.07104400416617,42.28572517352663
DORCHESTER,02125,,29.66667,0.0082872,25.2,2084.291667,2330.605081,2553.675539,2607.417894,3049.74026,FMR,,,,,,1,0.8,1,29.5,32.5,11.6,19.7,12586,53382,34.6,,-0.0082872,-9118,-1.102051,0.008732,-1.491369,-2.584687,-1.482637,1477.039,-262.9613,-0.1780328,0,0,-71.05593224093495,42.31544898002836
MATTAPAN,02126,,26.16667,0.0081377,20.8,1973,2072.458333,2321.553398,2207.024793,2470.588235,FMR,,,,,,1,0.857143,0.714286,4.2,85.9,0.9,15,10027,50039,16.7,,-0.0081377,-6070,-1.258758,0.0268119,-1.045156,-2.277103,-1.018344,1496.61,-283.3903,-0.1893548,0,0,-71.09382374219746,42.27434458407709
BOSTON,02127,,19.94444,0.0044441,17,2523.110526,2425.9367,3055.552006,3351.900585,4329.119318,FMR,1394,1561,1902,2383,2571,1,0.8,0.2,77,7.1,4.6,10.7,17056,91597,61.8,,-0.0044441,-6108,-1.537349,0.4735025,-0.6597915,-1.723638,-0.1862889,1531.826,-578.1744,-0.3774414,0,0,-71.03900846445252,42.33478648174183
BOSTON,02128,,36.55556,0.0043055,19.2,2164.166954,2285.992593,2333.905639,2513.212555,3069.655172,FMR,1394,1561,1902,2383,2571,1,1,0,32.6,3.1,3.8,57.4,16286,52154,22.9,,-0.0043055,-8836,-0.7936109,0.4902643,-0.8828976,-1.186244,-0.3926333,1566.019,-63.9812,-0.040856,0,0,-71.01653996320894,42.37270572512233
CHARLESTOWN,02129,,33.38889,0.0038797,19,2305.309375,2665.692428,3396.473264,3607.042017,4223.493976,FMR,,,,,,1,0.8,0.6,73.2,8.8,7.2,11.8,8931,103834,63.5,,-0.0038797,-3445,-0.9353938,0.541759,-0.8626151,-1.25625,-0.3208561,1561.565,-1218.435,-0.7802658,0,0,-71.06168787510966,42.379746387532606
WALPOLE,02081,1,75.4,0.0057481,2.3,875,1691.650485,2059.120603,2422.432432,2446,SAFMR,1400,1570,1910,2390,2580,1,0,0.333333,89.2,0.7,3.3,4.7,7027,105420,52.7,9,-0.0057481,-437,0.9455916,0.3158015,0.8309624,2.092355,1.146764,1774.629,-135.3706,-0.0762811,0,0,-71.2588283107333,42.14651502383288
BELCHERTOWN,01007,,59.2,0.0025235,9.5,,,,,,FMR,702,831,1061,1329,1521,0,0,0,93.3,0.4,3,1.3,5558,86165,44.7,,-0.0025235,-1410,0.2202605,0.7057729,0.1007972,1.026831,0.8065702,1706.832,616.8323,0.3613901,1,1,-72.40036002538936,42.27874986892837
AMHERST,01002,,57.4,0.0066249,33.7,,,700,,,FMR,702,831,1061,1329,1521,0,0,0,73.4,5.6,11.6,6.3,9976,52379,67,,-0.0066249,-8351,0.1396682,0.2097645,-2.353369,-2.003936,-2.143605,1513.991,143.9907,0.0951067,0,0,-72.46214440822448,42.374914760572
AMHERST,01003,,57.4,0.0066249,84.4,,,,968,,FMR,702,831,1061,1329,1521,0,0,0,70.6,6.6,14.7,5.3,31,,21.3,,-0.0066249,-54,0.1396682,0.2097645,-7.494948,-7.145515,-7.285184,1186.843,-403.1575,-0.3396891,0,0,-72.52479053839639,42.391918671639054
AGAWAM,01001,,46.1,0.0077308,8.8,,,,,,FMR,702,831,1061,1329,1521,0,0,0,87.8,1.2,3.1,6.6,7460,57694,30,,-0.0077308,-1462,-0.3662727,0.0760209,0.1717855,-0.1184663,0.2478064,1633.959,573.9594,0.351269,0,0,-72.62589423753336,42.06258983707307
NEWTON,02458,1,84.7,0.0018932,4.4,1791.87234,1791.277259,2143.563025,2838.716814,3485.858586,SAFMR,1680,1880,2290,2870,3100,1,0,0,75.8,3.3,11.8,6.1,4942,103978,70.10001,2,-0.0018932,-569,1.361985,0.7819991,0.6179975,2.761982,1.399997,1817.236,-472.7635,-0.2601552,0,2,-71.18749294376792,42.35282344206476
NEWTON,02459,1,84.7,0.0018932,5.1,1619.538462,1938.839161,2472.891061,3060.39916,3973.529412,SAFMR,1890,2120,2580,3230,3490,1,0.5,0,72.9,3.2,17.2,4.1,6680,169963,85.5,1,-0.0018932,-877,1.361985,0.7819991,0.5470092,2.690994,1.329008,1812.72,-767.2804,-0.4232758,0,2,-71.1917629880084,42.3149368652782
WALTHAM,02451,,49,0.0048473,7.6,1330.434783,1594.211679,2187.971292,2700.026667,2698.648649,FMR,1394,1561,1902,2383,2571,1,0,1,68.7,6.3,13.8,8.8,7346,94886,50.7,,-0.0048473,-1382,-0.2364294,0.424741,0.2934797,0.4817913,0.7182207,1672.153,-497.8474,-0.2977284,0,0,-71.25711138338413,42.39820640435282
WALTHAM,02452,,49,0.0048473,7.7,1816.590909,1852.012821,2097.375375,2626.320988,3325,FMR,1394,1561,1902,2383,2571,1,0,0.4,69.9,8.2,11.3,8.3,5112,87055,52.9,,-0.0048473,-886,-0.2364294,0.424741,0.2833385,0.4716501,0.7080795,1671.507,-548.4927,-0.3281426,0,0,-71.2196103415337,42.39357438221163
WALTHAM,02453,,49,0.0048473,12.5,1415.916031,1932.263761,2304.943594,2594.383057,2965.972222,FMR,1394,1561,1902,2383,2571,1,0,1,61.2,5.6,11.1,20.1,11244,73042,49.6,,-0.0048473,-3261,-0.2364294,0.424741,-0.2034383,-0.0151267,0.2213027,1640.535,-319.4653,-0.1947324,0,0,-71.24024653878683,42.369120140512045
TEWKSBURY,01876,,59.1,0.0074567,5.5,1888.642857,1647.809735,1923.527697,2191.995885,,FMR,1026,1179,1514,1897,2047,0,0,0.333333,91.2,1.9,3.8,1.6,11413,94817,33.9,,-0.0074567,-1590,0.2157831,0.1091696,0.5064445,0.8313972,0.6156142,1694.397,-385.6028,-0.2275752,0,2,-71.22746002596891,42.6122419791349
MEDFORD,02155,,40,0.0049371,10.4,1772.330709,2138.14984,2164.549483,2604.780253,3355.301339,FMR,1394,1561,1902,2383,2571,1,0.352941,0.411765,73,8.6,9.8,5.3,22474,86459,49.7,,-0.0049371,-5747,-0.6393911,0.4138809,0.0095266,-0.2159836,0.4234075,1627.755,-462.2455,-0.2839774,0,0,-71.10885215223878,42.42324453648815
REVERE,02151,,46.9,0.0148694,13.1,1831.397436,1980.391061,2383.444302,2234.254808,2621.111111,FMR,1394,1561,1902,2383,2571,1,0.7,0.1,56.2,6.2,5.2,30.1,19986,53771,19.9,,-0.0148694,-6957,-0.3304537,-0.7872954,-0.2642854,-1.382035,-1.051581,1553.561,-176.4388,-0.1135706,0,0,-71.00348895946775,42.418445710373646
CHELSEA,02150,,24.3,0.027804,19.3,1479.540201,1808.763544,2199.340292,2540.478873,2492.045455,FMR,1394,1561,1902,2383,2571,1,0.888889,0.777778,22,7.1,3.6,65.9,12714,51875,17.4,,-0.027804,-7272,-1.342335,-2.351559,-0.8930386,-4.586933,-3.244597,1349.64,-360.3601,-0.2670046,0,4,-71.03244662092823,42.39594740780587
WINTHROP,02152,,51.1,0.010929,9.3,1390.810811,1474.817073,1741.205128,2354.819277,1277,FMR,1394,1561,1902,2383,2571,1,0.166667,0,85.7,1.9,0.8,11.4,7747,69928,35.9,,-0.010929,-1669,-0.1424051,-0.3107577,0.1210795,-0.3320832,-0.1896781,1620.367,-139.6327,-0.0861735,0,0,-70.97787662786678,42.37278595795232
CARVER,02330,,40.8,0.0064519,3.4,2000,,1747.5,,2600,FMR,1394,1561,1902,2383,2571,0,0,0,94.3,1.9,0.7,1.1,4460,73904,19.9,,-0.0064519,-389,-0.6035723,0.2306865,0.7194093,0.3465235,0.9500958,1663.546,-156.4542,-0.0940486,0,0,-70.7563485987412,41.87389253816802
EAST BRIDGEWATER,02333,,60.4,0.0040189,3,952.5,1209.333333,1466.714286,1552.25,,FMR,1027,1136,1475,1853,2155,0,0,0,89.1,3.6,2,1.6,4854,86568,28.7,,-0.0040189,-426,0.2739888,0.5249247,0.7599741,1.558888,1.284899,1740.686,320.686,0.1842297,1,1,-70.94240185606814,42.03513797231205
DUXBURY,02332,1,84.7,0.0023681,4,,1674.2,1450,2300,2928.333333,SAFMR,1680,1880,2290,2870,3100,0,0,0,97,0.8,0.8,0.9,5427,123613,68.6,6,-0.0023681,-611,1.361985,0.7245665,0.6585622,2.745114,1.383129,1816.163,-473.8369,-0.2609,0,2,-70.71495484033915,42.04670306533656
HANOVER,02339,1,71.2,0.000619,3.5,1632.4,1467.428571,1685,1595.666667,,FMR,1394,1561,1902,2383,2571,0,0,0,95.7,0.5,1.6,0.6,4980,111311,46,1,-0.000619,-502,0.7575427,0.9360963,0.7092682,2.402907,1.645364,1794.389,74.38916,0.0414565,1,0,-70.85664810699963,42.12239542875609
HALIFAX,02338,1,73.4,0.0027934,3.5,1800,1100,1839.6,,,SAFMR,1500,1660,2160,2710,3160,0,0,0.5,93.8,2.7,0.2,2.5,2850,77993,27.2,0,-0.0027934,-269,0.8560446,0.6731322,0.7092682,2.238445,1.3824,1783.925,-376.0752,-0.2108134,0,2,-70.86326494810866,41.99140844842077
WINCHENDON,01475,,14,0.0105221,11.8,,,,,,FMR,826,832,1096,1380,1491,0,0,0,92.3,1,0.4,4.1,3889,64539,19.3,,-0.0105221,-1225,-1.803503,-0.2615487,-0.13245,-2.197501,-0.3939987,1501.675,441.6746,0.2941214,0,3,-72.04899436349082,42.66666621553966
WEBSTER,01570,,6.5,0.0208132,13.2,,,,1200,,FMR,864,946,1202,1506,1632,0,0,0,81,4.5,1.1,11.6,6734,52107,23.7,,-0.0208132,-2170,-2.139304,-1.506117,-0.2744265,-3.919848,-1.780544,1392.085,312.0852,0.2241854,0,3,-71.84849695887435,42.052059214091905
DUDLEY,01571,,57.1,0.0080872,9,,700,,,,FMR,864,946,1202,1506,1632,0,0,0,91.5,1.9,2.7,2.6,3873,64281,28.7,,-0.0080872,-948,0.1262361,0.0329192,0.1515031,0.3106584,0.1844223,1661.264,581.2637,0.3498925,0,1,-71.93518747446461,42.05501039597739
ADAMS,01220,,30.6,0.0092067,10.3,,,,905,,FMR,708,843,1048,1342,1463,0,0,0,96.9,0.8,0.4,0.9,3768,49777,22.6,,-0.0092067,-852,-1.060262,-0.102469,0.0196677,-1.143064,-0.0828013,1568.766,648.7664,0.4135519,0,0,-73.11718215914603,42.62372059639123
CONWAY,01341,,59.3,,2.8,,,,,,FMR,870,876,1113,1446,1583,0,,,97.2,0,0.2,2.5,692,101023,61.7,,,-48,0.2247378,,0.7802565,,,,,,1,1,-72.7051522795185,42.504469387293746
DEERFIELD,01342,,37.2,0.0055981,9.9,,,,1097,,FMR,870,876,1113,1446,1583,0,,,88.8,4.7,1.8,5.5,563,106146,67.9,,-0.0055981,-164,-0.7647569,0.333942,0.0602325,-0.3705824,0.3941745,1617.918,,,0,0,-72.60591266092611,42.54451247420612
ERVING,01344,,43,0.0062037,13,,,,,,FMR,870,876,1113,1446,1583,0,,,94.4,2.1,0.7,1.1,602,70109,16.6,,-0.0062037,-201,-0.5050706,0.2607029,-0.2541442,-0.4985118,0.0065587,1609.778,,,0,0,-72.42882189190657,42.60776920786666
WELLESLEY,02482,1,85.4,0.0012258,3.3,1492.857143,1795.930233,2324.117647,2878.815789,4533.870968,SAFMR,1960,2190,2670,3350,3610,0,0,0.666667,78.6,1.8,13.1,3.9,3922,160644,79.5,0,-0.0012258,-333,1.393327,0.862712,0.7295505,2.98559,1.592263,1831.464,-838.5359,-0.45785,0,2,-71.29984171951739,42.29385059505106
WELLESLEY,02481,1,85.4,,3.3,1321.428571,2280.142857,2821.779141,3105,4729.913043,SAFMR,2090,2340,2850,3570,3850,0,0.5,1,80.3,3.6,9,5.2,4736,187819,85.3,4,,-469,1.393327,,0.7295505,,,,,,1,1,-71.27428003306476,42.31295860940163
WORCESTER,01610,,35.4,0.0250336,34.7,,,950,846,2000,FMR,864,946,1202,1506,1632,0,0,0.25,41.3,12.6,9,36.1,8114,31003,14.1,,-0.0250336,-7129,-0.8453493,-2.016517,-2.454781,-5.316647,-4.471298,1303.21,133.2097,0.1022166,0,0,-71.80965978551276,42.2467303845203
NEWBURYPORT,01950,1,71,0.0038765,7.8,1350.5,1351.071429,1838.065217,2294.736842,2866.666667,FMR,1394,1561,1902,2383,2571,0,0,0.5,92.8,1.5,2.2,2,7881,89887,61,0,-0.0038765,-1367,0.7485881,0.542146,0.2731973,1.563931,0.8153433,1741.007,171.007,0.098223,1,0,-70.88784108966637,42.81237777993924
NEWBURY,01951,,56.3,0.0029873,4.7,2400,1515,1625,2550,,FMR,1394,1561,1902,2383,2571,0,0,1,94.8,0.8,0,3.1,1765,90662,53.9,,-0.0029873,-193,0.0904173,0.6496826,0.5875739,1.327674,1.237257,1725.974,-124.0256,-0.0718583,0,0,-70.84983250940081,42.77802970677254
SALISBURY,01952,,56.3,0.0103655,10.3,,1735.244755,1902.538462,1782.769231,1625,FMR,1394,1561,1902,2383,2571,0,0,0,92.8,0.9,1.6,2.6,3597,72900,29.8,,-0.0103655,-911,0.0904173,-0.2426101,0.0196677,-0.1325251,-0.2229424,1633.065,53.06482,0.032494,0,0,-70.86161941319023,42.84654494220722
HOLYOKE,01040,,11.2,0.0310133,28.6,,,,,,FMR,702,831,1061,1329,1521,0,0,0,43,3.8,1.6,51.2,15403,37954,24.2,,-0.0310133,-11227,-1.928869,-2.73968,-1.836169,-6.504717,-4.575849,1227.615,217.6152,0.1772666,0,3,-72.64107769320285,42.21255560300213
WORCESTER,01602,,35.4,0.0250336,13.3,,,,1337.5,,FMR,864,946,1202,1506,1632,0,0,0,72.6,9.9,4.9,11.6,9666,64808,46.7,,-0.0250336,-2979,-0.8453493,-2.016517,-0.2845677,-3.146434,-2.301085,1441.296,121.296,0.0841576,0,0,-71.84951287050721,42.272234612915575
WESTON,02493,1,87,0.0012314,5.3,,2187.5,3212.5,3630,4725.111111,SAFMR,1470,1650,2010,2520,2720,1,0.5,1,79.7,2,10.8,4.1,3764,196651,82.4,0,-0.0012314,-589,1.464964,0.8620348,0.5267268,2.853726,1.388762,1823.074,-186.9261,-0.1025335,0,0,-71.30009556557987,42.35893997754806
WORCESTER,01604,,35.4,0.0250336,19.5,,1099.333333,1248.5,1412.5,1216.666667,FMR,864,946,1202,1506,1632,0,0,0.375,54.6,14.4,8.4,20,14447,50487,27.8,,-0.0250336,-6897,-0.8453493,-2.016517,-0.913321,-3.775187,-2.929838,1401.29,121.2897,0.0865557,0,0,-71.76772936913895,42.2514555778521
WESTPORT,02790,,41.9,0.0040401,4.4,,,,,,FMR,786,889,1060,1328,1565,0,0,0,97.1,0.3,0.4,0.5,6239,80569,34.6,,-0.0040401,-691,-0.5543213,0.5223608,0.6179975,0.5860369,1.140358,1678.786,608.7855,0.3626345,0,0,-71.08323539899561,41.599869134515004
MARSHFIELD,02050,1,79.2,0.0041495,7.4,1067.142857,1638.454545,1734.553191,1832.125,,FMR,1394,1561,1902,2383,2571,0,0,0,95,0.2,0.5,1.3,9495,92610,44,16,-0.0041495,-1921,1.115731,0.5091304,0.313762,1.938623,0.8228924,1764.848,-45.15222,-0.0255842,0,0,-70.71471251763124,42.114864039536826
MARSHFIELD,02051,1,79.2,,,800,,,,,FMR,1394,1561,1902,2383,2571,0,,,,,,,,,,0,,,1.115731,,,,,,,,1,1,,
MEDFIELD,02052,1,85.1,,2.5,1175.428571,1173,1526.516129,2615.181818,3267.6,FMR,1394,1561,1902,2383,2571,0,0,1,90.8,1.1,5.1,1.8,4189,153847,72.5,1,,-313,1.379895,,0.81068,,,,,,1,1,-71.30500050464248,42.18480651165459
MEDWAY,02053,1,81.3,0.0004475,4.8,1250,1260,1274.869565,2350,3500,FMR,1394,1561,1902,2383,2571,0,0,0,89.4,2.2,3.1,3.8,4642,115432,59,1,-0.0004475,-625,1.209756,0.9568368,0.5774328,2.744025,1.53427,1816.094,246.0939,0.1355072,1,0,-71.42903696732596,42.153507056894796
MILLIS,02054,1,68.8,,4.7,1212.5,1450,1712.5,1860.714286,,FMR,1394,1561,1902,2383,2571,0,0,0,92.7,0.2,1.2,5.2,3100,100230,53.3,4,,-375,0.6500865,,0.5875739,,,,,,1,1,-71.36255056329131,42.16932871740139
NORFOLK,02056,1,91.1,0.0005019,4.4,1300,1262.5,1375,1996.5,3666.666667,FMR,1394,1561,1902,2383,2571,0,0,0,85.4,6,1.3,6.8,3183,139137,52.1,0,-0.0005019,-415,1.648536,0.9502579,0.6179975,3.216791,1.568255,1846.175,66.17505,0.0358444,1,0,-71.32963183862907,42.116368644436236
WELLFLEET,02667,,68.7,0.0036356,6.8,,1500,,,,FMR,979,1152,1524,1931,2101,0,,,90.5,2.3,3.5,0.3,1456,57667,52.4,,-0.0036356,-207,0.6456088,0.5712796,0.3746091,1.591498,0.9458887,1742.761,442.7609,0.2540571,1,1,-70.01813463881189,41.927905368030885
BOSTON,02118,,23.55556,0.0094175,25.9,2442.423208,2753.593556,3462.222862,4452.004566,5477.669903,FMR,1394,1561,1902,2383,2571,1,1,1,47.6,16.3,16,19.2,12514,70575,58.3,,-0.0094175,-6728,-1.375667,-0.1279624,-1.562357,-3.065986,-1.690319,1446.415,-653.5853,-0.4518658,0,4,-71.07073065561853,42.338247522650974
BOSTON,02111,,24.16667,0.0166996,24.9,2553.713942,3009.175045,4073.354996,5853.14741,4472.727273,FMR,1394,1561,1902,2383,2571,1,1,1,39.2,2.1,49.3,7,3202,39329,54.1,,-0.0166996,-1628,-1.348305,-1.008633,-1.460945,-3.817883,-2.469578,1398.573,-961.427,-0.6874343,0,4,-71.05911122337076,42.35006801381888
BOSTON,02110,1,42.33333,0.0206661,9.1,2406.153846,2986.353712,3909.885463,5050.089888,4340,FMR,1394,1561,1902,2383,2571,1,,,82.4,4.1,11.5,1.8,1347,108438,84.8,4,-0.0206661,-193,-0.5349196,-1.488327,0.1413619,-1.881885,-1.346965,1521.757,-1328.243,-0.8728356,0,0,-71.05176657156596,42.35826143308444
BOSTON,02113,1,42.33333,0.001896,10.6,1890.031153,2239.041096,2758.070866,3735,5033.478261,FMR,1394,1561,1902,2383,2571,1,1,1,88.9,0.7,2.2,6.8,4370,91212,77.2,11,-0.001896,-791,-0.5349196,0.7816605,-0.0107558,0.235985,0.7709047,1656.512,-783.4877,-0.4729742,0,0,-71.05540357766871,42.36541944707418
BOSTON,02115,,53.11111,0.0029207,37.6,1802.153996,2482.911319,3179.300685,4105.384615,4797.17682,FMR,1394,1561,1902,2383,2571,1,1,0.8,60.3,8.3,15.5,14,9258,38759,64.2,,-0.0029207,-6260,-0.0523605,0.657737,-2.748875,-2.143498,-2.091138,1505.111,-854.8893,-0.567991,0,0,-71.09457387668557,42.34105054376356
BOSTON,02114,,39.77778,0.005028,15.1,2037.305091,2635.033457,3228.678406,4199.401421,4828.947368,FMR,1394,1561,1902,2383,2571,1,1,1,72.7,4.6,10.6,10.8,7196,89452,81.39999,,-0.005028,-1874,-0.6493407,0.4028878,-0.467109,-0.713562,-0.0642213,1596.095,-1253.905,-0.7856085,0,0,-71.06730249032958,42.3631703850176
BOSTON,02116,1,24.16667,0.0108448,12.3,1944.589286,2736.778593,4055.352332,4808.934426,6036.363636,FMR,1394,1561,1902,2383,2571,1,1,1,71.4,5.6,14.3,6.1,11987,103422,76.39999,106,-0.0108448,-2506,-1.348305,-0.3005748,-0.1831559,-1.832036,-0.4837307,1524.928,-865.0715,-0.5672866,0,4,-71.07564985137911,42.35060523166511
NEWTON,02465,1,84.7,0.0018932,2.9,2213.8,1856.140351,2477.058824,3168.62069,3585.590361,SAFMR,1690,1900,2310,2890,3120,1,0.666667,1,73.1,3.1,13.7,6.7,4296,137438,72.1,2,-0.0018932,-334,1.361985,0.7819991,0.7701152,2.914099,1.552114,1826.915,-483.0847,-0.2644264,0,2,-71.22664735932007,42.34914325245009
NEWTON,02464,1,84.7,0.0018932,5.6,1979.75,1775,2298.660714,2771.446281,3071.428571,SAFMR,1730,1940,2360,2960,3190,1,1,0,66.7,4.8,19.2,5.7,1247,102946,59.6,0,-0.0018932,-171,1.361985,0.7819991,0.4963033,2.640288,1.278302,1809.493,-550.5067,-0.3042325,0,2,-71.2195778958115,42.31286596913232
CHESTNUT HILL,02467,1,20,0.0000716,5.9,2271.4,2269.404762,2619.484649,3168.034826,4055.350554,SAFMR,1990,2220,2710,3400,3660,1,1,0,70.3,4.8,13.7,7.3,6181,119964,79.2,4,-0.0000716,-871,-1.534862,1.002297,0.4658798,-0.066685,1.468177,1637.254,-1072.746,-0.6552103,0,0,-71.16117693149684,42.316410541343934
ALLSTON,02134,,23.33333,0.0049168,29.2,1557.738238,1811.026107,2275.65054,2848.374243,3783.81419,FMR,,,,,,1,1,0,53.8,6.7,23.6,13.1,7855,49938,64.8,,-0.0049168,-5103,-1.385616,0.4163359,-1.897016,-2.866296,-1.48068,1459.121,-790.8794,-0.5420247,0,0,-71.12952178820291,42.357848607769846
NEWTON,02461,1,84.7,0.0018932,2,1858.333333,1905.698113,2356.603774,3176.430556,3296.37931,SAFMR,1830,2040,2490,3120,3370,1,1,0,71.4,1.5,17.6,5.6,2683,159517,84.6,4,-0.0018932,-145,1.361985,0.7819991,0.8613859,3.00537,1.643385,1832.723,-657.2773,-0.3586344,0,2,-71.20847992648467,42.316808831780385
NEWTON,02460,1,84.7,0.0018932,5,1475.675676,1635.632184,2268.493151,3155.777778,3184.104348,SAFMR,1640,1840,2240,2810,3030,1,0.25,1,75.1,4,11.4,6.3,3722,118148,73.3,1,-0.0018932,-506,1.361985,0.7819991,0.5571504,2.701135,1.339149,1813.365,-426.6351,-0.2352726,0,2,-71.20830405364644,42.35196112213671
NEWTON,02462,1,84.7,0.0018932,5.3,2207,1759.52381,2094.736842,3108.095238,1265,FMR,1394,1561,1902,2383,2571,1,,,78.9,1.5,10.3,5.9,612,104375,78.4,0,-0.0018932,-69,1.361985,0.7819991,0.5267268,2.670711,1.308726,1811.429,231.4291,0.1277605,1,0,-71.25613876660962,42.32989389763503
NEWTON,02468,1,84.7,,1.2,1645,2387.5,2385.833333,3728.125,3308.75,SAFMR,2090,2340,2850,3570,3850,1,1,0.5,78.5,1.8,12.8,2.9,1924,212394,89.7,1,,-65,1.361985,,0.9425153,,,,,,1,1,-71.23079953313947,42.32728278914799
ATTLEBORO,02703,,55.1,0.0072659,10.4,807.2857143,985.6896552,1325.853933,1564.090909,1715,FMR,786,889,1060,1328,1565,0,0,1,83.6,3.6,4.8,6.8,17094,70136,31.3,,-0.0072659,-4541,0.036689,0.1322443,0.0095266,0.1784599,0.1417709,1652.852,472.8522,0.2860826,0,1,-71.29504551735006,41.931051444276605
AYER,01432,,48,0.0109587,11.9,854.4285714,991.6,1322.322581,1585.666667,,FMR,1394,1561,1902,2383,2571,0,,,80,4.9,4.5,6.5,3387,79750,40.4,,-0.0109587,-899,-0.2812029,-0.3143496,-0.1425911,-0.7381437,-0.4569407,1594.531,24.53052,0.0153842,0,0,-71.57137965581947,42.56466856860909
ASHBURNHAM,01430,,54.3,0.0045029,6.2,,,,,,FMR,826,832,1096,1380,1491,0,0,0,95,1.4,0.1,1.2,2024,85064,37,,-0.0045029,-375,0.0008702,0.4663915,0.4354562,0.9027179,0.9018477,1698.935,508.9352,0.2995613,0,1,-71.92370166381622,42.660185411465676
CHELMSFORD,01824,1,78.8,0.002775,3.2,1299.519231,1572.154982,1733.493827,2031.25,1750,SAFMR,1130,1280,1640,2050,2220,0,0,0.166667,85.2,0.5,9.8,3.4,9805,115533,54.1,0,-0.002775,-823,1.097822,0.6753574,0.7396917,2.512871,1.415049,1801.386,161.386,0.0895899,1,0,-71.35563443920181,42.59111641533118
DRACUT,01826,,45,0.0031005,5.7,1544.833333,1105,1488.888889,2020.714286,2200,FMR,1026,1179,1514,1897,2047,0,0,0,83.4,4.6,4.2,5.9,11185,86644,27.2,,-0.0031005,-1759,-0.4155235,0.6359926,0.4861622,0.7066313,1.122155,1686.459,66.45862,0.0394072,0,0,-71.30060168706663,42.683153742927225
BILLERICA,01821,,47.8,0.0027,4,1296.5,1736.263636,2087.937107,2192.857143,1842,FMR,1026,1179,1514,1897,2047,1,0,0,86.6,2.8,6.8,2.4,11211,99881,34.1,,-0.0027,-1281,-0.2901577,0.6844276,0.6585622,1.052832,1.34299,1708.487,-51.51331,-0.0301514,0,0,-71.25217424639446,42.5501637161996
COHASSET,02025,1,89.9,0.0037419,4.7,1950,1839.333333,2741.095238,2461.142857,3880,SAFMR,1440,1620,1970,2470,2660,1,,,97.7,0.3,0.7,0.7,3046,140000,73.3,0,-0.0037419,-386,1.594808,0.5584241,0.5875739,2.740806,1.145998,1815.889,-154.111,-0.0848681,0,0,-70.81903331379371,42.23604166849737
DEDHAM,02026,,56.6,0.000788,4.7,1476.444444,2106.981132,2212.292308,2313.291139,3332.5,FMR,1394,1561,1902,2383,2571,1,0,0.714286,78.5,8.6,2.6,8.4,9865,89451,48.8,,-0.000788,-1144,0.1038493,0.915658,0.5875739,1.607081,1.503232,1743.752,-296.2476,-0.1698908,0,2,-71.17775480726675,42.24669964888742
CANTON,02021,,68.6,0.0101199,6.4,2015,1742.602151,2063.877651,1948.113636,2803.428571,FMR,1394,1561,1902,2383,2571,1,0,1,80.3,6.1,7.2,4.2,9026,96583,56.4,,-0.0101199,-1417,0.6411316,-0.2129081,0.4151739,0.8433973,0.2022657,1695.161,-274.8392,-0.1621317,0,0,-71.12655407613217,42.175144416623816
BRANT ROCK,02020,1,79.2,0.0041495,0,,,,,,FMR,,,,,,,,,,,,,,,,0,-0.0041495,,1.115731,0.5091304,1.064209,2.689071,1.57334,1812.597,,,1,1,,
WILLIAMSTOWN,01267,,64.8,0.0039278,11.1,,,,840,,FMR,901,906,1067,1337,1529,0,0,0,78.4,5,6.1,7.3,2405,78068,61.5,,-0.0039278,-584,0.4709924,0.535942,-0.0614617,0.9454727,0.4744803,1701.656,421.6556,0.2477914,0,0,-73.23903555602779,42.67197366067556
BOSTON,02203,,39.77778,0,,,1075,,,,FMR,1394,1561,1902,2383,2571,0,,,100,0,0,0,27,,51.9,,0,0,-0.6493407,1.010956,,,,,,,1,0,-71.05885722082292,42.36047613053637
SANDWICH,02563,,62,0.004172,5.4,,,,,,FMR,979,1152,1524,1931,2101,0,0,0,95,0,1.8,2.3,3854,84087,45.6,,-0.004172,-502,0.3456264,0.5064093,0.5165856,1.368621,1.022995,1728.58,138.5797,0.0801697,1,0,-70.47799813602197,41.71963787532811
BERLIN,01503,,62.5,0.0009449,3.3,,550,1398,1898.75,3150,FMR,935,940,1244,1589,1944,0,,,96.9,0.7,0.7,0.8,1151,97417,45.7,,-0.0009449,-102,0.3680131,0.8966831,0.7295505,1.994247,1.626234,1768.387,418.387,0.2365924,1,1,-71.63550796398307,42.38378104258076
AUBURN,01501,,59.3,0.0079992,4.4,,,,,1039,FMR,864,946,1202,1506,1632,0,0,0,91.7,1.7,1.9,4.2,6642,74576,38.4,,-0.0079992,-717,0.2247378,0.0435616,0.6179975,0.8862969,0.661559,1697.89,487.8904,0.2873509,0,1,-71.84534307856904,42.197203538410456
BROOKFIELD,01506,,77,,10.8,,,,,,FMR,864,946,1202,1506,1632,0,0,0,91.9,1,1.1,0,1421,64219,30.9,,,-363,1.017229,,-0.0310382,,,,,,1,0,-72.10445446011875,42.19363760271468
RANDOLPH,02368,,32.9,0.010304,11.6,1555.647059,1622.605505,1926.93913,2170.217391,2050,FMR,1394,1561,1902,2383,2571,1,0,0.5,35.9,39.7,12.3,7.9,12226,70163,28.7,,-0.010304,-3878,-0.957283,-0.2351725,-0.1121677,-1.304623,-0.3473402,1558.487,-361.5134,-0.2319644,0,4,-71.05340673654864,42.17696322822774
BLACKSTONE,01504,,51.4,0.0045099,5.6,1000,1800,1188,1450,2075,FMR,935,940,1244,1589,1944,0,0,0,92.5,2.6,0.4,2.2,3438,80260,31.2,,-0.0045099,-501,-0.1289729,0.4655449,0.4963033,0.8328753,0.9618482,1694.491,124.4913,0.0734683,0,0,-71.53124359838591,42.03989507806563
PLYMPTON,02367,1,69.4,0.0016863,3.5,,,,,,SAFMR,1130,1280,1570,1970,2260,0,0,1,95.8,1,0.7,1.8,1005,87438,32.2,0,-0.0016863,-102,0.6769505,0.8070208,0.7092682,2.193239,1.516289,1781.048,211.0485,0.1184968,1,0,-70.80973192793336,41.96344715520413
KINGSTON,02364,,64.4,0.0052829,6.7,1557.142857,1561.904762,1625,1825,4700,FMR,1394,1561,1902,2383,2571,0,0,1,94.9,0.9,0.7,1.4,4758,89796,43.7,,-0.0052829,-860,0.4530829,0.3720611,0.3847503,1.209894,0.7568115,1718.48,-91.51978,-0.0532562,0,0,-70.7482301863667,41.98617256474738
PLYMOUTH,02360,,41.1,0.0062111,6.2,2192.444444,1854.137255,1784.574468,1915.2,2550,FMR,1394,1561,1902,2383,2571,0,0,0.111111,91.7,1.9,1.2,2.5,22468,83746,36,,-0.0062111,-3486,-0.5901403,0.2598079,0.4354562,0.1051239,0.6952642,1648.186,-181.8141,-0.1103116,0,0,-70.63066411861647,41.878589941643305
BOXFORD,01921,1,92,0,2.1,,2145,1750,2350,,SAFMR,1130,1280,1570,1970,2140,0,0,0,90.4,0,4.8,1.8,2707,155034,60.5,0,0,-171,1.688832,1.010956,0.8512447,3.551033,1.8622,1867.442,297.4421,0.1592778,1,0,-71.01896767221137,42.681519680752565
AMESBURY,01913,,55.5,0.0080354,5.6,812.5,1109.807692,1538.117647,1898.214286,,FMR,1394,1561,1902,2383,2571,0,0,0,92.8,0.8,1.1,2.7,7025,78638,41.8,,-0.0080354,-942,0.0545985,0.0391838,0.4963033,0.5900856,0.5354871,1679.043,109.0431,0.0649436,0,0,-70.94458125800782,42.852963843839724
BEVERLY,01915,,51.1,0.0042515,7.7,1022.52809,1644.520833,1906.297229,2336.111111,2550,FMR,1394,1561,1902,2383,2571,1,0,0.833333,91.6,1,1.6,4.2,16408,77893,48.1,,-0.0042515,-2946,-0.1424051,0.4967948,0.2833385,0.6377283,0.7801334,1682.074,-17.92554,-0.0106568,0,0,-70.86272615905129,42.568102844113724
ASHLAND,01721,1,75.8,0.003738,3.8,1159.769231,1210,1908.488372,1902.941176,4018.75,FMR,1394,1561,1902,2383,2571,0,0,0.5,81.5,3,8.5,4.9,6689,120309,61.7,0,-0.003738,-655,0.9635011,0.5588957,0.6788446,2.201241,1.23774,1781.558,51.55762,0.0289396,1,0,-71.46865956951227,42.25729234865683
ACTON,01720,1,90.4,0.0029462,2.9,1353.333333,1099.323077,1590.410256,2253.846154,2671.428571,FMR,1394,1561,1902,2383,2571,0,0,0.714286,69.7,2,24.8,1.8,8476,133075,76.10001,0,-0.0029462,-651,1.617194,0.6546531,0.7701152,3.041963,1.424768,1835.051,105.051,0.0572469,1,0,-71.4380497400278,42.4841655871054
ESSEX,01929,1,76.5,,5.6,,1225,1450,1250,,FMR,1394,1561,1902,2383,2571,0,,,98.9,0,0,0.5,1439,109327,58.3,0,,-205,0.9948425,,0.4963033,,,,,,1,1,-70.77688975598716,42.63474480656626
WESTWOOD,02090,1,90.7,0.0031104,1.8,2142,1969.105263,2178.820896,2658.823529,3227.777778,SAFMR,1480,1660,2020,2530,2730,1,0,0.5,88.2,0.3,7.6,1.9,5528,146042,70.39999,9,-0.0031104,-277,1.630626,0.6347954,0.8816683,3.14709,1.516464,1841.74,-178.2599,-0.0967888,0,0,-71.2106766198906,42.220254863710785
WRENTHAM,02093,1,86.6,0.0017995,4.9,785,1245.571429,1716.071429,2192.857143,1148,FMR,1394,1561,1902,2383,2571,0,0,0.5,94.1,2,0.8,2.8,4076,107444,49,2,-0.0017995,-555,1.447055,0.7933308,0.5672916,2.807677,1.360622,1820.144,250.1439,0.1374308,1,0,-71.35521704242474,42.05129962320192
ROWLEY,01969,,56.3,0.0022011,4.9,,1450,1444.230769,,,FMR,1394,1561,1902,2383,2571,0,,,96.9,0.6,0.9,0.5,2186,89338,43.6,,-0.0022011,-292,0.0904173,0.7447628,0.5672916,1.402472,1.312054,1730.734,-349.2665,-0.2018026,0,2,-70.89293666352455,42.721218942341046
ROCKPORT,01966,,52.1,0.0027638,5.2,1190,1447.171429,1632.142857,2290,2571.428571,FMR,1394,1561,1902,2383,2571,0,0,1,95.9,0.2,0.1,2.1,3201,72015,51.6,,-0.0027638,-368,-0.0976316,0.6767119,0.536868,1.115948,1.21358,1712.503,142.5027,0.0832131,1,0,-70.62220383467753,42.65434599244501
PEABODY,01960,,37.7,0.0097888,8.2,1316.666667,2014.153455,2412.4618,2252.983871,2562.5,FMR,1394,1561,1902,2383,2571,1,0,0,84.3,3.4,1.4,9.4,21251,65060,30.7,,-0.0097888,-4211,-0.7423702,-0.1728661,0.2326326,-0.6826037,0.0597665,1598.064,-121.9355,-0.076302,0,0,-70.97222390058822,42.53372216562939
NEW BEDFORD,02740,,21.7,0.0153201,23.6,680,1000,1015.833333,1287.5,2495,FMR,743,777,933,1169,1261,0,0,0,58.1,8,2.3,17.9,18406,37784,19.1,,-0.0153201,-9997,-1.458747,-0.8418014,-1.32911,-3.629658,-2.170911,1410.549,480.5494,0.3406824,0,3,-70.9381415600788,41.637871167281936
ACUSHNET,02743,,54.4,0.0075312,4.5,,,,,,FMR,743,777,933,1169,1261,0,0,0,91.3,0,1.4,2.2,4033,69402,18.7,,-0.0075312,-461,0.0053477,0.1001599,0.6078563,0.7133639,0.7080162,1686.887,816.8871,0.4842571,0,1,-70.90122638646253,41.713847408318124
NEW BEDFORD,02744,,21.7,0.0153201,28.4,,500,1000,875,,FMR,743,777,933,1169,1261,0,0,0,60.7,6.8,0.3,25.8,4654,33125,14.6,,-0.0153201,-3172,-1.458747,-0.8418014,-1.815886,-4.116434,-2.657688,1379.577,529.5768,0.383869,0,3,-70.9126890123632,41.60798701506111
NEW BEDFORD,02745,,21.7,0.0153201,13.3,2000,,1200,2000,,FMR,743,777,933,1169,1261,0,0,0,84.2,2,1.1,9,10119,56277,19.4,,-0.0153201,-3188,-1.458747,-0.8418014,-0.2845677,-2.585116,-1.126369,1477.011,517.0115,0.3500389,0,3,-70.94821069038152,41.69885099659718
NEW BEDFORD,02746,,21.7,0.0153201,36.1,,,850,,,FMR,743,777,933,1169,1261,0,0,0,47.2,7,1.1,39.1,6218,32554,8.9,,-0.0153201,-5531,-1.458747,-0.8418014,-2.596757,-4.897305,-3.438559,1329.892,499.8916,0.375889,0,3,-70.94168911948861,41.66144040025973
GRANBY,01033,,45.6,0.0042388,4.6,,,,1037,,FMR,702,831,1061,1329,1521,0,0,0,92.1,0,0.3,6.3,2457,89965,38.4,,-0.0042388,-290,-0.3886594,0.4983307,0.5977151,0.7073864,1.096046,1686.507,676.5067,0.401129,0,0,-72.50362519088608,42.260809242622436
HAMPDEN,01036,,59.4,0.0024919,5,,,,1123,,FMR,702,831,1061,1329,1521,0,0,0,95.2,0.2,0.5,3.2,1976,81304,35.8,,-0.0024919,-256,0.2292153,0.7095945,0.5571504,1.49596,1.266745,1736.682,726.682,0.4184313,1,1,-72.41590377765004,42.06368386855896
HADLEY,01035,,68.9,0.0098845,7.4,,,,825,,FMR,702,831,1061,1329,1521,0,0,0,85.2,7.3,1.3,5.1,2316,58953,44.7,,-0.0098845,-384,0.6545637,-0.1844397,0.313762,0.7838861,0.1293223,1691.374,381.3743,0.2254819,0,0,-72.56920493656285,42.35564123050165
LEXINGTON,02421,1,97,0.0006254,4.2,2047.058824,2010.10929,2372.469914,3357.030303,3273.714286,SAFMR,1930,2170,2640,3310,3570,1,0,0,67.6,1.1,25.8,2.7,6697,158554,82.3,2,-0.0006254,-772,1.9127,0.9353222,0.6382799,3.486302,1.573602,1863.323,-776.6766,-0.4168233,0,2,-71.23999336524494,42.43853278812153
LEXINGTON,02420,1,97,0.0006254,2.7,1650,1679.636364,2320,2927.611111,4511.875,SAFMR,1970,2210,2690,3370,3640,1,0,0,66.3,0.4,29.1,1.3,5058,168065,80.7,0,-0.0006254,-376,1.9127,0.9353222,0.7903976,3.63842,1.72572,1873.002,-816.9977,-0.4361968,0,2,-71.21668455126701,42.456326229827745
BILLERICA,01862,,47.8,,4.4,1500,1795.454545,2110,2285.714286,1797,FMR,1026,1179,1514,1897,2047,0,0,0.5,78.2,5,4.3,9.8,3417,93494,31.8,,,-438,-0.2901577,,0.6179975,,,,,,1,0,-71.29342596792566,42.57487620381538
NORTH READING,01864,1,77.9,0.0033045,3.2,1280.4,1805.122807,2051.460784,2540,2775,SAFMR,1430,1600,1950,2440,2640,0,0,0.5,90.1,1.3,5.3,1.3,5422,124750,52.3,0,-0.0033045,-487,1.057525,0.6113216,0.7396917,2.408539,1.351013,1794.748,-155.2524,-0.0865038,0,0,-71.08757677147369,42.58155436459931
READING,01867,1,67.3,0.0009674,2.7,1100,1955.285714,2632.069182,3342.72,4893.75,FMR,1394,1561,1902,2383,2571,1,0,1,92.2,0.3,4.1,1.9,9063,113553,61.2,0,-0.0009674,-671,0.5829262,0.893962,0.7903976,2.267286,1.68436,1785.76,115.7599,0.0648239,1,0,-71.10554246920205,42.535062220911115
SPRINGFIELD,01107,,19.7,0.0297797,45.7,,,,1000.5,,FMR,702,831,1061,1329,1521,0,0,0,11.2,13.9,0.4,78,3825,26772,11.6,,-0.0297797,-5176,-1.548294,-2.590493,-3.570311,-7.709097,-6.160804,1150.983,140.983,0.1224892,0,0,-72.60548156358351,42.12131641647649
LONGMEADOW,01106,,79.9,0.0022035,4.2,,,,,,FMR,702,831,1061,1329,1521,0,0,0,86.2,0.7,7,4.5,5822,111231,65.39999,,-0.0022035,-640,1.147072,0.7444726,0.6382799,2.529825,1.382752,1802.465,272.4647,0.1511623,1,0,-72.57175941061473,42.04790020720583
SPRINGFIELD,01105,,19.7,0.0297797,55.6,895,,,,,FMR,702,831,1061,1329,1521,0,0,0,16,22.6,0.3,63,4831,17569,12.1,,-0.0297797,-6260,-1.548294,-2.590493,-4.574288,-8.713075,-7.164781,1087.102,77.10193,0.0709243,0,0,-72.5789859223426,42.099174231105
SOMERVILLE,02145,,62,0.007287,12.7,1997.455665,1939.619283,2255.556736,2695.48996,3691.324201,FMR,1394,1561,1902,2383,2571,1,0.6,0,58.3,11.5,10.4,16.6,10409,68553,40.3,,-0.007287,-3297,0.3456264,0.1296926,-0.2237206,0.2515983,-0.0940281,1657.506,-332.4941,-0.2005991,0,0,-71.0895131219345,42.39203490139054
SPRINGFIELD,01103,,19.7,0.0297797,55,,,,1045.333333,,FMR,702,831,1061,1329,1521,0,,,18.8,12.5,3.2,63.7,1418,16720,21.8,,-0.0297797,-1333,-1.548294,-2.590493,-4.513441,-8.652227,-7.103933,1090.974,70.97351,0.0650552,0,0,-72.5920471303411,42.103973752830456
SOMERVILLE,02143,,62,0.007287,14.9,1883.448607,1997.424306,2513.597136,3034.791335,3961.323414,FMR,1394,1561,1902,2383,2571,1,0.666667,0.222222,72.4,3.9,11,8.4,11238,90285,70.4,,-0.007287,-3999,0.3456264,0.1296926,-0.4468266,0.0284923,-0.3171341,1643.31,-556.6899,-0.3387614,0,0,-71.0968111811086,42.38142673506209
CAMBRIDGE,02140,,48.6,0.0084061,14.7,1923.651529,2341.04927,3060.939036,3410.931122,4272.173052,FMR,1394,1561,1902,2383,2571,1,1,0.857143,56.1,21.7,13.9,7.2,8891,91596,68.9,,-0.0084061,-2878,-0.2543389,-0.0056473,-0.4265442,-0.6865305,-0.4321916,1597.815,-502.1854,-0.3142952,0,4,-71.13323094641062,42.393266531479036
CAMBRIDGE,02141,,48.6,0.0084061,17,2417.771836,2727.454605,3050,3416.581492,3897.305389,FMR,1394,1561,1902,2383,2571,1,1,0.5,57.1,10.6,16.9,13.5,6437,77261,66.2,,-0.0084061,-2216,-0.2543389,-0.0056473,-0.6597915,-0.9197777,-0.6654388,1582.974,-607.0265,-0.3834723,0,4,-71.08265413024023,42.369986239522575
NORWELL,02061,1,81.3,0.0017241,3.5,,3150,1712.5,,3160,FMR,1394,1561,1902,2383,2571,0,0,0,94.9,0.4,0.9,1.9,3632,128563,63.1,0,-0.0017241,-376,1.209756,0.8024495,0.7092682,2.721473,1.511718,1814.659,14.65894,0.0080781,1,0,-70.81771041138855,42.16072471179406
WAYLAND,01778,1,89.5,0.0005796,4.4,1799.285714,1663.636364,2470,2713.5,4570,FMR,1394,1561,1902,2383,2571,0,0,0.2,82.7,0.7,10.8,3.8,5044,166548,82.5,0,-0.0005796,-594,1.576898,0.9408611,0.6179975,3.135757,1.558859,1841.019,-28.98108,-0.0157419,0,0,-71.35917902703817,42.35830516890555
NORWOOD,02062,,53.4,0.0032253,8.2,1613.333333,1796.351351,1996.519182,2462.010582,2560,FMR,1394,1561,1902,2383,2571,1,0,1,79,6.7,7.1,6.7,11757,87516,46.8,,-0.0032253,-2334,-0.0394258,0.6208998,0.2326326,0.8141065,0.8535324,1693.297,-156.7029,-0.0925431,0,0,-71.1949186766895,42.18604808962029
MALDEN,02148,,54.1,0.0100257,15.3,1472.413043,1743.188259,2052.092169,2242.560554,2360,FMR,1394,1561,1902,2383,2571,1,0.428571,0.571429,46.5,17.3,23.6,9.3,23081,62283,35.2,,-0.0100257,-9300,-0.0080845,-0.2015159,-0.4873914,-0.6969917,-0.6889073,1597.149,-302.8511,-0.1896198,0,4,-71.05760094871319,42.430474368851726
SPRINGFIELD,01108,,19.7,0.0297797,29.9,,,,,,FMR,702,831,1061,1329,1521,0,0,0,30.6,19.1,5.1,43.4,9899,38499,18.3,,-0.0297797,-8447,-1.548294,-2.590493,-1.968004,-6.106791,-4.558497,1252.935,162.9346,0.1300424,0,0,-72.55983729002737,42.080544818625675
DENNIS,02638,,24.8,0.0119632,10.6,,,,1161,,FMR,979,1152,1524,1931,2101,0,0,0,98.9,0,1.1,0,1514,70850,49.5,,-0.0119632,-370,-1.319949,-0.4358301,-0.0107558,-1.766535,-0.4465859,1529.096,49.09619,0.032108,0,0,-70.19360440999093,41.732249515904144
BARNSTABLE,02630,,34.4,0.0182467,21.4,,,,1168,,FMR,979,1152,1524,1931,2101,0,0,0,96.8,2.1,1.1,0,839,106299,50.1,,-0.0182467,-491,-0.8901228,-1.195734,-1.106003,-3.19186,-2.301737,1438.406,-771.5944,-0.5364233,0,4,-70.30329811366676,41.70461420720913
MARION,02738,1,72,0.0037217,5.8,,,,,,SAFMR,1130,1280,1570,1970,2140,0,,,89.3,1.7,0.5,1,1897,76576,51.9,1,-0.0037217,-283,0.7933616,0.560867,0.4760209,1.83025,1.036888,1757.952,187.9521,0.1069154,1,0,-70.76354599837394,41.70911764009911
AVON,02322,,47.9,0.0037628,7.3,,1050,1800,1633.333333,,FMR,1027,1136,1475,1853,2155,1,0,0,71.4,12.4,8.7,5.9,1574,69709,26.1,,-0.0037628,-325,-0.2856802,0.5558965,0.3239032,0.5941194,0.8797997,1679.3,309.2998,0.1841838,0,0,-71.04924029549366,42.12665754608024
SPRINGFIELD,01104,,19.7,0.0297797,31.5,,,,,,FMR,702,831,1061,1329,1521,0,0,0,29.2,9.8,1.5,59.7,8989,30053,12.6,,-0.0297797,-7215,-1.548294,-2.590493,-2.130263,-6.26905,-4.720756,1242.61,172.6104,0.1389095,0,0,-72.56682282431409,42.13401596842248
SHREWSBURY,01545,,79.4,0.0001896,3.9,1196,1484.84375,1768.113208,1995.090909,2504,FMR,864,946,1202,1506,1632,0,0,0.25,70.9,3.1,18.1,4.8,12853,101229,56.7,,-0.0001896,-1391,1.124686,0.9880263,0.6687034,2.781415,1.65673,1818.473,358.4729,0.1971285,1,1,-71.71554553042219,42.28423163774123
ANDOVER,01810,1,78.5,0.0031868,4.4,1415.6,1738.528529,1907.722397,2511.417323,3750,SAFMR,1130,1300,1670,2090,2260,0,0,0.555556,79.4,2.5,12.3,3.7,12369,143292,73.7,0,-0.0031868,-1494,1.084389,0.6255558,0.6179975,2.327943,1.243553,1789.619,119.6194,0.0668407,1,0,-71.16504347094016,42.64653982057434
BRIDGEWATER,02324,,60.7,0.0028089,8.4,1170.714286,1359.270833,1701,1995.285714,2250,FMR,1027,1136,1475,1853,2155,0,0,0.6,83.7,8.1,2,3.6,7897,88640,33.5,,-0.0028089,-1890,0.2874208,0.6712577,0.2123502,1.171029,0.8836079,1716.007,56.00732,0.0326382,1,0,-70.97489888192014,41.972817837237585
OXFORD,01540,,33.3,0.0064709,9.7,,,,1037,,FMR,864,946,1202,1506,1632,0,0,0,90.1,0.8,1.9,5,4323,68865,28.1,,-0.0064709,-1046,-0.9393737,0.2283887,0.0805149,-0.6304702,0.3089036,1601.382,521.3816,0.3255824,0,0,-71.85733454474153,42.11634075703903
TOWNSEND,01469,,49.1,0.0035515,5.1,,1100,,1400,,FMR,1394,1561,1902,2383,2571,0,,,93.8,0.4,1.1,2.5,2683,84489,34.9,,-0.0035515,-373,-0.2319521,0.5814503,0.5470092,0.8965074,1.12846,1698.54,128.54,0.0756768,0,0,-71.69396407859017,42.66673026826259
LITTLETON,01460,1,72.6,0.0038522,2.8,1400,1815,2241.712121,2563.658537,,FMR,1394,1561,1902,2383,2571,0,0,0.5,89,0.7,5.9,0.8,3440,119177,55.9,0,-0.0038522,-268,0.8202257,0.5450848,0.7802565,2.145567,1.325341,1778.015,-71.98486,-0.0404861,0,0,-71.48909573008117,42.5350140085664
LUNENBURG,01462,,80.7,0.0068211,7.4,,,1350,2200,,FMR,826,832,1096,1380,1491,0,0,0.666667,87.5,2.5,2.2,6.3,4171,97775,35.5,,-0.0068211,-809,1.182891,0.1860368,0.313762,1.68269,0.4997988,1748.563,108.5632,0.0620871,1,0,-71.71989631425777,42.58968121107551
GILL,01354,,42.5,,8,,,,,,FMR,870,876,1113,1446,1583,0,0,0,92.5,4.4,0.7,0.4,583,69226,48.4,,,-132,-0.5274573,,0.2529149,,,,,,1,0,-72.51108156667142,42.63366046177612
NEW SALEM,01355,,80.5,,6.1,,,,,,FMR,870,876,1113,1446,1583,0,,,97.3,0,0,0.4,392,70313,44,,,-56,1.173936,,0.4455974,,,,,,1,1,-72.33046596897843,42.45285597267347
WORCESTER,01608,,35.4,0.0250336,51.6,,,,862,,FMR,864,946,1202,1506,1632,0,0,0,30.3,28.7,1.6,40,1639,20578,24.4,,-0.0250336,-1764,-0.8453493,-2.016517,-4.16864,-7.030506,-6.185157,1194.16,114.1604,0.0955989,0,0,-71.80161994847259,42.26184993341563
WORCESTER,01609,,35.4,0.0250336,24.9,,975.25,1100,1475,,FMR,864,946,1202,1506,1632,0,0,0,65,9.2,7.5,15.7,7401,42903,43.4,,-0.0250336,-3933,-0.8453493,-2.016517,-1.460945,-4.322811,-3.477462,1366.445,226.4454,0.1657186,0,3,-71.82895877476487,42.28647308365737
NANTUCKET,02554,,40.5,0.0095536,10.1,,,,,,FMR,1223,1233,1628,2217,2225,0,0,0,73.3,8.4,2.3,8.9,3651,92327,44.9,,-0.0095536,-1040,-0.6170043,-0.1444218,0.0399501,-0.7214761,-0.1044718,1595.591,,,0,0,-70.07981775683335,41.2853832689609
OAK BLUFFS,02557,,69.6,0.0044294,12.2,,,,1091,,FMR,,,,,,0,,,87.3,3.6,0,1.8,1684,66091,42.4,,-0.0044294,-560,0.6859051,0.4752803,-0.1730147,0.9881707,0.3022656,1704.372,,,0,0,-70.5800012705653,41.43659619787134
ONSET,02558,,29.1,,23.7,,1175,,,,FMR,,,,,,0,,,71.8,4.4,0,0,464,33679,18.1,,,-285,-1.127422,,-1.339251,,,,,,1,0,-70.65349778984196,41.744803933906034
NEEDHAM,02492,1,81.2,0.0007801,3.1,2362.75,1718.292683,2173,3556.206897,4150,SAFMR,1430,1600,1950,2440,2640,1,0,1,87.6,1.6,6.9,2,7063,147375,77,1,-0.0007801,-608,1.205278,0.9166134,0.7498329,2.871724,1.666446,1824.219,-125.7809,-0.0689505,0,0,-71.2437694399541,42.276122980179494
WORCESTER,01603,,35.4,0.0250336,22.2,,,,1470,1400,FMR,864,946,1202,1506,1632,0,0,0,55.4,11.4,11.4,20.8,7203,42259,20,,-0.0250336,-4471,-0.8453493,-2.016517,-1.187133,-4.048999,-3.20365,1383.868,203.8676,0.1473172,0,0,-71.84443992164633,42.244067028797446
NEEDHAM,02494,1,81.2,,4.3,2372.692308,3174.070588,2689.285714,2873.223881,4233.333333,SAFMR,1860,2080,2540,3180,3430,1,0,1,78.1,3.1,10.7,4,3589,126866,69.7,7,,-417,1.205278,,0.6281387,,,,,,1,1,-71.23200893081174,42.299663510108736
WORCESTER,01605,,35.4,0.0250336,26.8,,1350,1100,1462.5,,FMR,864,946,1202,1506,1632,0,0,0.2,46.1,17.8,6.4,29.3,10657,37703,24.6,,-0.0250336,-7360,-0.8453493,-2.016517,-1.653627,-4.515493,-3.670144,1354.186,154.1855,0.1138585,0,0,-71.78751473475053,42.28946002147364
WORCESTER,01606,,35.4,0.0250336,10.2,,,1300,1169,1145,FMR,864,946,1202,1506,1632,0,0,0,77.6,9.1,4.6,8.1,8129,65135,37.5,,-0.0250336,-1910,-0.8453493,-2.016517,0.0298089,-2.832057,-1.986708,1461.299,261.2991,0.1788129,0,0,-71.79556095465409,42.31443739953975
WORCESTER,01607,,35.4,0.0250336,19.7,,1100,1210,1117,,FMR,864,946,1202,1506,1632,0,0,0.5,55.3,20.2,5.6,15.4,3694,43500,23,,-0.0250336,-1695,-0.8453493,-2.016517,-0.9336035,-3.79547,-2.95012,1399.999,219.9991,0.1571423,0,0,-71.78876553744904,42.22746239719834
WEYMOUTH,02191,,40.4,,4.1,618.95,1353.125,1618.8125,1700,2278.333333,FMR,1394,1561,1902,2383,2571,1,0,0,89.9,0.4,7,1.5,3501,73948,37.2,,,-336,-0.6214817,,0.648421,,,,,,1,0,-70.94147737482096,42.24363790132611
SOUTH WEYMOUTH,02190,,40.4,,5,1739.981818,1754.838028,2097.024,2414.030303,2706,FMR,,,,,,1,0,0.5,86.2,2.3,7,2.5,7038,85053,37.4,,,-850,-0.6214817,,0.5571504,,,,,,1,0,-70.9527104417876,42.16645840533112
DANVERS,01923,,42.6,0.0050099,4.9,1506.888889,1785.727273,2134.182927,2246.791667,2250,FMR,1394,1561,1902,2383,2571,1,0,0,90.7,1.2,2.2,4.3,10624,79795,41.4,,-0.0050099,-1312,-0.52298,0.4050767,0.5672916,0.4493883,0.9723683,1670.091,-89.90918,-0.0538349,0,0,-70.94928181687109,42.574000963243805
BOSTON,02199,1,24.77778,0.0067669,10.2,2508.719008,3380.769697,4530.154545,7736.553571,,FMR,1394,1561,1902,2383,2571,0,1,1,75.9,0,18.6,5.5,743,82238,89.3,0,-0.0067669,-128,-1.320944,0.1925915,0.0298089,-1.098543,0.2224005,1571.599,-1278.401,-0.8134395,0,0,-71.08202435541207,42.347474631305076
STOW,01775,1,81.4,0.0033446,4.3,800,1600,1725,1960,3500,SAFMR,1550,1730,2110,2640,2850,0,0,0,91,0,4,2.5,2627,144766,68.7,2,-0.0033446,-305,1.214233,0.6064721,0.6281387,2.448843,1.234611,1797.312,-312.688,-0.1739753,0,2,-71.5114833668843,42.42983190984489
SUDBURY,01776,1,91.6,0.001048,1.9,,1816.666667,2570,2755,3892.857143,FMR,1394,1561,1902,2383,2571,0,0,0,84.7,0.8,10,1.8,6226,170945,78.5,0,-0.001048,-345,1.670923,0.8842145,0.8715271,3.426664,1.755742,1859.529,279.5288,0.1503224,1,0,-71.42340561219083,42.384731159338315
TAUNTON,02780,,37.2,0.0110843,13.5,1177.866667,1005.813953,1356.523077,1447.058824,1848,FMR,793,956,1219,1529,1686,0,0,0,80.5,7.6,1,6.7,19934,53201,19.6,,-0.0110843,-6624,-0.7647569,-0.3295391,-0.3048501,-1.399146,-0.6343892,1552.472,262.4723,0.1690673,0,3,-71.11956072122439,41.90755109931991
SOUTHBOROUGH,01772,1,83,0.0019883,4.2,712,1608.6,2113.545455,2349.333333,2929,SAFMR,1210,1220,1610,2060,2520,0,0,1,83.9,1.2,11.5,2,3246,143375,68.5,0,-0.0019883,-397,1.28587,0.7704981,0.6382799,2.694648,1.408778,1812.952,202.9521,0.1119457,1,0,-71.5304069905915,42.301435265674655
LINCOLN,01773,1,78.2,0.0011003,4.3,1400,1850,2560,3200,,SAFMR,1660,1850,2260,2830,3050,1,,,77.6,4.3,10.4,5.1,2008,153500,81.8,0,-0.0011003,-204,1.070957,0.8778896,0.6281387,2.576986,1.506028,1805.465,-454.5345,-0.2517548,0,2,-71.31038922515866,42.42520467505319
SOUTHWICK,01077,,42.2,0.0044084,5.8,,,,,,FMR,702,831,1061,1329,1521,0,0,0,97.4,0.1,1,0.2,3750,76737,35,,-0.0044084,-554,-0.5408893,0.4778199,0.4760209,0.4129516,0.9538409,1667.772,597.7725,0.3584257,0,0,-72.77854610378415,42.05435688689002
SOUTH HADLEY,01075,,45.2,0.0050744,9.9,,,,,,FMR,702,831,1061,1329,1521,0,0,0,84.8,2.7,4.4,5.7,6745,66681,40.5,,-0.0050744,-1524,-0.4065688,0.3972763,0.0602325,0.0509401,0.4575089,1644.738,584.7384,0.3555206,0,0,-72.57922828660354,42.256743334482685
SOUTHAMPTON,01073,,59.4,0.0035453,4.1,,,,1165,,FMR,702,831,1061,1329,1521,0,0,0,97.7,0,1.8,0.1,2422,89423,37.8,,-0.0035453,-251,0.2292153,0.5822001,0.648421,1.459836,1.230621,1734.384,574.3835,0.3311745,1,1,-72.73857265277617,42.230828505534674
SHUTESBURY,01072,,55.3,,12.2,,,,1105,,FMR,870,876,1113,1446,1583,0,0,0,88.3,1.3,0.5,4.8,636,72000,65.8,,,-187,0.0456437,,-0.1730147,,,,,,1,0,-72.41840173585847,42.45736790809618
