town,region
Needham Hills,Boston and Greater Boston
Needham,Boston and Greater Boston
Belmont,Boston and Greater Boston
Arlington,Boston and Greater Boston
Arlington,Boston and Greater Boston
Watertown,Boston and Greater Boston
Newton - Waban,Boston and Greater Boston
Chestnut Hill,Boston and Greater Boston
Newton - Auburndale,Boston and Greater Boston
Newton - West Newton,Boston and Greater Boston
Newton Highlands,Boston and Greater Boston
Newton Center,Boston and Greater Boston
Newton,Boston and Greater Boston
Brookline,Boston and Greater Boston
Brookline,Boston and Greater Boston
Boston - Kenmore,Boston and Greater Boston
Boston - Seaport,Boston and Greater Boston
Boston - Government Center,Boston and Greater Boston
Boston - Downtown,Boston and Greater Boston
Milton,Boston and Greater Boston
Melrose,Boston and Greater Boston
Quincy,Boston and Greater Boston
Quincy,Boston and Greater Boston
Quincy,Boston and Greater Boston
Boston - Harvard Business,Boston and Greater Boston
Somerville,Boston and Greater Boston
Somerville,Boston and Greater Boston
Somerville,Boston and Greater Boston
Cambridge,Boston and Greater Boston
Cambridge,Boston and Greater Boston
Cambridge,Boston and Greater Boston
Cambridge,Boston and Greater Boston
Cambridge,Boston and Greater Boston
Boston - Hyde Park,Boston and Greater Boston
Boston - Brighton,Boston and Greater Boston
Boston - Allston,Boston and Greater Boston
Boston - West Roxbury,Boston and Greater Boston
Boston - Roslindale,Boston and Greater Boston
Boston - Jamaica Plain,Boston and Greater Boston
Boston - Charlestown,Boston and Greater Boston
Boston - East Boston,Boston and Greater Boston
Boston - South Boston,Boston and Greater Boston
Boston - Mattapan,Boston and Greater Boston
Boston - Dorchester,Boston and Greater Boston
Boston - Dorchester,Boston and Greater Boston
Boston - Dorchester,Boston and Greater Boston
Boston - Dorchester,Boston and Greater Boston
Boston - Roxbury,Boston and Greater Boston
Boston - Roxbury,Boston and Greater Boston
Boston - South End,Boston and Greater Boston
Boston - Back Bay,Boston and Greater Boston
Boston - Fenway,Boston and Greater Boston
Boston - West End,Boston and Greater Boston
Boston - North End,Boston and Greater Boston
Boston - Chinatown,Boston and Greater Boston
Boston - Financial Disctrict,Boston and Greater Boston
Boston,Boston and Greater Boston
Boston - Beacon Hill,Boston and Greater Boston
Dedham,Boston and Greater Boston
Norton,Metro West
Plainville,Metro West
Weston,Metro West
Wellesley,Metro West
Wellesley Hills,Metro West
Waltham,Metro West
Waltham,Metro West
Waltham,Metro West
Lexington,Metro West
Lexington,Metro West
Westwood,Metro West
Walpole,Metro West
Stoughton,Metro West
Sharon,Metro West
Norwood,Metro West
Medway,Metro West
Medfield,Metro West
Franklin,Metro West
Foxboro,Metro West
East Walpole,Metro West
Dover,Metro West
Canton,Metro West
Westford,Metro West
Wayland,Metro West
Sudbury,Metro West
Stow,Metro West
Lincoln,Metro West
Southborough,Metro West
Sherborn,Metro West
Natick,Metro West
Milford,Metro West
Mendon,Metro West
Maynard,Metro West
Marlborough,Metro West
Hudson,Metro West
Hopkinton,Metro West
Holliston,Metro West
Concord,Metro West
Carlisle,Metro West
Bolton,Metro West
Bedford,Metro West
Ashland,Metro West
Acton,Metro West
Boxborough,Metro West
Framingham,Metro West
Framingham,Metro West
Littleton,Metro West
Harvard,Metro West
Ayer,Metro West
Stoneham,North Shore
Revere,North Shore
Chelsea,North Shore
Everett,North Shore
Bellingham,North Shore
West Newbury,North Shore
Wenham,North Shore
Malden,North Shore
Medford,North Shore
Winthrop,North Shore
Topsfield,North Shore
Salem,North Shore
Rowley,North Shore
Rockport,North Shore
Peabody,North Shore
Salisbury,North Shore
Newbury,North Shore
Newburyport,North Shore
Middleton,North Shore
Marblehead,North Shore
Manchester,North Shore
Lynnfield,North Shore
Ipswich,North Shore
Gloucester,North Shore
Essex,North Shore
Danvers,North Shore
Boxford,North Shore
Beverly,North Shore
Amesbury,North Shore
Nahant,North Shore
Swampscott,North Shore
Saugus,North Shore
Lynn,North Shore
Lynn,North Shore
Lynn,North Shore
Lynn,North Shore
Winchester,North Shore
Wilmington,North Shore
Wakefield,North Shore
Tewksbury,North Shore
Reading,North Shore
North Reading,North Shore
Lowell,North Shore
Lowell,North Shore
Lowell,North Shore
Lowell,North Shore
North Andover,North Shore
Methuen,North Shore
Lawrence,North Shore
Lawrence,North Shore
Lawrence,North Shore
Haverhill,North Shore
Groveland,North Shore
Georgetown,North Shore
Haverhill,North Shore
Haverhill,North Shore
Dracut,North Shore
Chelmsford,North Shore
Billerica,North Shore
Andover,North Shore
Burlington,North Shore
Woburn,North Shore
Westport,South Shore
Taunton,South Shore
Berkley,South Shore
Swansea,South Shore
Seekonk,South Shore
Rochester,South Shore
Rehoboth,South Shore
Raynham,South Shore
North Attleboro,South Shore
New Bedford,South Shore
New Bedford,South Shore
New Bedford,South Shore
Acushnet,South Shore
New Bedford,South Shore
Mattapoisett,South Shore
Marion,South Shore
Somerset,South Shore
Somerset,South Shore
Fall River,South Shore
Fall River,South Shore
Fall River,South Shore
Fall River,South Shore
Fairhaven,South Shore
Dighton,South Shore
Attleboro,South Shore
Wareham,South Shore
Onset,South Shore
East Wareham,South Shore
Buzzards Bay,South Shore
Whitman,South Shore
West Bridgewater,South Shore
South Easton,South Shore
Rockland,South Shore
Randolph,South Shore
Plympton,South Shore
Kingston,South Shore
Plymouth,South Shore
Pembroke,South Shore
Abington,South Shore
Lakeville,South Shore
Middleboro,South Shore
Holbrook,South Shore
Hanson,South Shore
Hanover,South Shore
Halifax,South Shore
Duxbury,South Shore
Carver,South Shore
Bridgewater,South Shore
Avon,South Shore
Brockton,South Shore
Brockton,South Shore
North Weymouth,South Shore
South Weymouth,South Shore
East Weymouth,South Shore
Weymouth,South Shore
Braintree,South Shore
Wrentham,South Shore
Scituate,South Shore
Norwell,South Shore
Norfolk,South Shore
Millis,South Shore
Marshfield,South Shore
Mansfield,South Shore
Hull,South Shore
Hingham,South Shore
Cohasset,South Shore